"ID","Best_by_AICc","Best_by_BIC"
"Acinetobacter.clacoaceticus..RDA.R._15_TSB_1","Logistic","Logistic"
"Acinetobacter.clacoaceticus..RDA.R._25_TSB_1","Logistic","Logistic"
"Acinetobacter.clacoaceticus..RDA.R._35_TSB_1","Logistic","Logistic"
"Acinetobacter.clacoaceticus..RDA.R._5_TSB_1","Logistic","Logistic"
"Acinetobacter.clacoaceticus.1_15_TSB_1","Logistic","Logistic"
"Acinetobacter.clacoaceticus.1_25_TSB_1","Logistic","Logistic"
"Acinetobacter.clacoaceticus.1_35_TSB_1","Logistic","Logistic"
"Acinetobacter.clacoaceticus.1_5_TSB_1","Logistic","Logistic"
"Acinetobacter.clacoaceticus.2_15_TSB_1","Logistic","Logistic"
"Acinetobacter.clacoaceticus.2_25_TSB_1","Logistic","Logistic"
"Acinetobacter.clacoaceticus.2_35_TSB_1","Logistic","Logistic"
"Acinetobacter.clacoaceticus.2_5_TSB_1","Logistic","Logistic"
"Aerobic Mesophilic._10_Cooked Chicken Breast_3","Logistic","Logistic"
"Aerobic Mesophilic._10_Raw Chicken Breast_3","Logistic","Logistic"
"Aerobic Mesophilic._10_Salted Chicken Breast_3","Logistic","Logistic"
"Aerobic Mesophilic._15_Cooked Chicken Breast_3","Logistic","Logistic"
"Aerobic Mesophilic._15_Raw Chicken Breast_3","Logistic","Logistic"
"Aerobic Mesophilic._15_Salted Chicken Breast_3","Logistic","Logistic"
"Aerobic Mesophilic._20_Cooked Chicken Breast_3","Quadratic","Quadratic"
"Aerobic Mesophilic._20_Raw Chicken Breast_3","Logistic","Logistic"
"Aerobic Mesophilic._20_Salted Chicken Breast_3","Quadratic","Quadratic"
"Aerobic Mesophilic._2_Cooked Chicken Breast_3","Logistic","Logistic"
"Aerobic Mesophilic._2_Raw Chicken Breast_3","Logistic","Logistic"
"Aerobic Mesophilic._2_Salted Chicken Breast_3","Logistic","Logistic"
"Aerobic Mesophilic._4_Cooked Chicken Breast_3","Logistic","Logistic"
"Aerobic Mesophilic._4_Raw Chicken Breast_3","Logistic","Logistic"
"Aerobic Mesophilic._4_Salted Chicken Breast_3","Logistic","Logistic"
"Aerobic Mesophilic._7_Cooked Chicken Breast_3","Logistic","Logistic"
"Aerobic Mesophilic._7_Raw Chicken Breast_3","Logistic","Logistic"
"Aerobic Mesophilic._7_Salted Chicken Breast_3","Quadratic","Quadratic"
"Aerobic Psychotropic._10_Cooked Chicken Breast_3","Logistic","Logistic"
"Aerobic Psychotropic._10_Raw Chicken Breast_3","Logistic","Logistic"
"Aerobic Psychotropic._10_Salted Chicken Breast_3","Logistic","Logistic"
"Aerobic Psychotropic._15_Cooked Chicken Breast_3","Logistic","Logistic"
"Aerobic Psychotropic._15_Raw Chicken Breast_3","Logistic","Logistic"
"Aerobic Psychotropic._15_Salted Chicken Breast_3","Logistic","Logistic"
"Aerobic Psychotropic._20_Cooked Chicken Breast_3","Logistic","Logistic"
"Aerobic Psychotropic._20_Raw Chicken Breast_3","Logistic","Logistic"
"Aerobic Psychotropic._20_Salted Chicken Breast_3","Logistic","Logistic"
"Aerobic Psychotropic._2_Cooked Chicken Breast_3","Logistic","Logistic"
"Aerobic Psychotropic._2_Raw Chicken Breast_3","Logistic","Logistic"
"Aerobic Psychotropic._2_Salted Chicken Breast_3","Logistic","Logistic"
"Aerobic Psychotropic._4_Cooked Chicken Breast_3","Logistic","Logistic"
"Aerobic Psychotropic._4_Raw Chicken Breast_3","Logistic","Logistic"
"Aerobic Psychotropic._4_Salted Chicken Breast_3","Logistic","Logistic"
"Aerobic Psychotropic._7_Cooked Chicken Breast_3","Logistic","Logistic"
"Aerobic Psychotropic._7_Raw Chicken Breast_3","Logistic","Logistic"
"Aerobic Psychotropic._7_Salted Chicken Breast_3","Logistic","Logistic"
"Arthrobacter aurescens_0_TGE agar_6","Quadratic","Quadratic"
"Arthrobacter aurescens_20_TGE agar_6","Logistic","Logistic"
"Arthrobacter aurescens_30_TGE agar_6","Quadratic","Quadratic"
"Arthrobacter aurescens_37_TGE agar_6","Logistic","Logistic"
"Arthrobacter aurescens_7_TGE agar_6","Logistic","Logistic"
"Arthrobacter citreus_0_TGE agar_6","Quadratic","Quadratic"
"Arthrobacter citreus_20_TGE agar_6","Logistic","Logistic"
"Arthrobacter citreus_30_TGE agar_6","Logistic","Logistic"
"Arthrobacter citreus_37_TGE agar_6","Logistic","Logistic"
"Arthrobacter citreus_7_TGE agar_6","Logistic","Logistic"
"Arthrobacter globiformis_0_TGE agar_6","Quadratic","Quadratic"
"Arthrobacter globiformis_20_TGE agar_6","Logistic","Logistic"
"Arthrobacter globiformis_30_TGE agar_6","Logistic","Logistic"
"Arthrobacter globiformis_37_TGE agar_6","Logistic","Logistic"
"Arthrobacter globiformis_7_TGE agar_6","Logistic","Logistic"
"Arthrobacter simplex_0_TGE agar_6","Quadratic","Quadratic"
"Arthrobacter simplex_20_TGE agar_6","Logistic","Logistic"
"Arthrobacter simplex_30_TGE agar_6","Logistic","Logistic"
"Arthrobacter simplex_37_TGE agar_6","Logistic","Logistic"
"Arthrobacter simplex_7_TGE agar_6","Logistic","Logistic"
"Arthrobacter sp. 62_0_TGE agar_6","Quadratic","Quadratic"
"Arthrobacter sp. 62_20_TGE agar_6","Logistic","Logistic"
"Arthrobacter sp. 62_30_TGE agar_6","Quadratic","Quadratic"
"Arthrobacter sp. 62_37_TGE agar_6","Quadratic","Quadratic"
"Arthrobacter sp. 62_7_TGE agar_6","Logistic","Logistic"
"Arthrobacter sp. 77_0_TGE agar_6","Logistic","Logistic"
"Arthrobacter sp. 77_20_TGE agar_6","Logistic","Logistic"
"Arthrobacter sp. 77_30_TGE agar_6","Logistic","Logistic"
"Arthrobacter sp. 77_37_TGE agar_6","Quadratic","Quadratic"
"Arthrobacter sp. 77_7_TGE agar_6","Logistic","Logistic"
"Arthrobacter sp. 88_0_TGE agar_6","Logistic","Logistic"
"Arthrobacter sp. 88_20_TGE agar_6","Logistic","Logistic"
"Arthrobacter sp. 88_30_TGE agar_6","Logistic","Logistic"
"Arthrobacter sp. 88_37_TGE agar_6","Quadratic","Quadratic"
"Arthrobacter sp. 88_7_TGE agar_6","Logistic","Logistic"
"Bacillus.pumilus..RDA.R._15_TSB_1","Logistic","Logistic"
"Bacillus.pumilus..RDA.R._25_TSB_1","Logistic","Logistic"
"Bacillus.pumilus..RDA.R._35_TSB_1","Logistic","Logistic"
"Bacillus.pumilus..RDA.R._5_TSB_1","Quadratic","Quadratic"
"Bacillus.pumilus_15_TSB_1","Logistic","Logistic"
"Bacillus.pumilus_25_TSB_1","Logistic","Logistic"
"Bacillus.pumilus_35_TSB_1","Logistic","Logistic"
"Bacillus.pumilus_5_TSB_1","Quadratic","Quadratic"
"Chryseobacterium.balustinum_15_TSB_1","Logistic","Logistic"
"Chryseobacterium.balustinum_25_TSB_1","Logistic","Logistic"
"Chryseobacterium.balustinum_35_TSB_1","Logistic","Logistic"
"Chryseobacterium.balustinum_5_TSB_1","Logistic","Logistic"
"Clavibacter.michiganensis..RDA.R._15_TSB_1","Logistic","Logistic"
"Clavibacter.michiganensis..RDA.R._25_TSB_1","Logistic","Logistic"
"Clavibacter.michiganensis..RDA.R._35_TSB_1","Logistic","Logistic"
"Clavibacter.michiganensis..RDA.R._5_TSB_1","Logistic","Logistic"
"Clavibacter.michiganensis_15_TSB_1","Logistic","Logistic"
"Clavibacter.michiganensis_25_TSB_1","Logistic","Logistic"
"Clavibacter.michiganensis_35_TSB_1","Quadratic","Quadratic"
"Clavibacter.michiganensis_5_TSB_1","Logistic","Logistic"
"Dickeya.zeae..RDA.R._15_TSB_1","Logistic","Logistic"
"Dickeya.zeae..RDA.R._25_TSB_1","Logistic","Logistic"
"Dickeya.zeae..RDA.R._35_TSB_1","Logistic","Logistic"
"Dickeya.zeae..RDA.R._5_TSB_1","Logistic","Logistic"
"Dickeya.zeae_15_TSB_1","Logistic","Logistic"
"Dickeya.zeae_25_TSB_1","Logistic","Logistic"
"Dickeya.zeae_35_TSB_1","Logistic","Logistic"
"Dickeya.zeae_5_TSB_1","Quadratic","Quadratic"
"Enterobacter.sp._15_TSB_1","Quadratic","Quadratic"
"Enterobacter.sp._25_TSB_1","Logistic","Logistic"
"Enterobacter.sp._35_TSB_1","Logistic","Logistic"
"Enterobacter.sp._5_TSB_1","Logistic","Logistic"
"Escherichia coli_10_C02 Beef Striploins_4","Quadratic","Quadratic"
"Escherichia coli_10_Vacuum Beef Striploins_4","Logistic","Logistic"
"Escherichia coli_12_C02 Beef Striploins_4","Quadratic","Quadratic"
"Escherichia coli_12_Vacuum Beef Striploins_4","Quadratic","Quadratic"
"Escherichia coli_15_C02 Beef Striploins_4","Quadratic","Quadratic"
"Escherichia coli_15_Vacuum Beef Striploins_4","Quadratic","Quadratic"
"Escherichia coli_20_C02 Beef Striploins_4","Logistic","Logistic"
"Escherichia coli_20_Vacuum Beef Striploins_4","Logistic","Logistic"
"Escherichia coli_30_C02 Beef Striploins_4","Logistic","Logistic"
"Escherichia coli_30_Vacuum Beef Striploins_4","Logistic","Logistic"
"Escherichia coli_8_Vacuum Beef Striploins_4","Quadratic","Quadratic"
"Klebsiella.pneumonia..RDA.R._15_TSB_1","Logistic","Logistic"
"Klebsiella.pneumonia..RDA.R._25_TSB_1","Logistic","Logistic"
"Klebsiella.pneumonia..RDA.R._35_TSB_1","Logistic","Logistic"
"Klebsiella.pneumonia..RDA.R._5_TSB_1","Quadratic","Quadratic"
"Klebsiella.pneumonia_15_TSB_1","Logistic","Logistic"
"Klebsiella.pneumonia_25_TSB_1","Logistic","Logistic"
"Klebsiella.pneumonia_35_TSB_1","Logistic","Logistic"
"Klebsiella.pneumonia_5_TSB_1","Logistic","Logistic"
"Lactobacillus plantarum_12_MRS broth_7","Logistic","Logistic"
"Lactobacillus plantarum_16_MRS broth_7","Logistic","Logistic"
"Lactobacillus plantarum_20_MRS broth_7","Logistic","Logistic"
"Lactobacillus plantarum_30_MRS broth_7","Logistic","Logistic"
"Lactobacillus plantarum_8_MRS broth_7","Logistic","Logistic"
"Lactobacillus sakei_12_MRS broth_7","Logistic","Logistic"
"Lactobacillus sakei_16_MRS broth_7","Quadratic","Quadratic"
"Lactobacillus sakei_20_MRS broth_7","Quadratic","Quadratic"
"Lactobacillus sakei_30_MRS broth_7","Logistic","Logistic"
"Lactobacillus sakei_4_MRS broth_7","Logistic","Logistic"
"Lactobacillus sakei_8_MRS broth_7","Logistic","Logistic"
"Lactobaciulus plantarum_10_MRS_10","Quadratic","Quadratic"
"Lactobaciulus plantarum_15_MRS_10","Quadratic","Quadratic"
"Lactobaciulus plantarum_20_MRS_10","Logistic","Logistic"
"Lactobaciulus plantarum_25_MRS_10","Logistic","Logistic"
"Oscillatoria agardhii Strain 97_15_Z8_8","Quadratic","Quadratic"
"Oscillatoria agardhii Strain 97_20_Z8_8","Quadratic","Quadratic"
"Oscillatoria agardhii Strain 97_25_Z8_8","Logistic","Logistic"
"Oscillatoria agardhii Strain 97_30_Z8_8","Quadratic","Quadratic"
"Oscillatoria agardhii StrainCYA 128_15_Z8_8","Logistic","Logistic"
"Oscillatoria agardhii StrainCYA 128_20_Z8_8","Quadratic","Quadratic"
"Oscillatoria agardhii StrainCYA 128_25_Z8_8","Quadratic","Quadratic"
"Oscillatoria agardhii StrainCYA 128_30_Z8_8","Logistic","Logistic"
"Pantoea.agglomerans..RDA.R._15_TSB_1","Logistic","Logistic"
"Pantoea.agglomerans..RDA.R._25_TSB_1","Logistic","Logistic"
"Pantoea.agglomerans..RDA.R._35_TSB_1","Logistic","Logistic"
"Pantoea.agglomerans..RDA.R._5_TSB_1","Logistic","Logistic"
"Pantoea.agglomerans.1_15_TSB_1","Logistic","Logistic"
"Pantoea.agglomerans.1_25_TSB_1","Logistic","Logistic"
"Pantoea.agglomerans.1_35_TSB_1","Logistic","Logistic"
"Pantoea.agglomerans.1_5_TSB_1","Logistic","Logistic"
"Pantoea.agglomerans.2_15_TSB_1","Logistic","Logistic"
"Pantoea.agglomerans.2_25_TSB_1","Logistic","Logistic"
"Pantoea.agglomerans.2_35_TSB_1","Logistic","Logistic"
"Pantoea.agglomerans.2_5_TSB_1","Logistic","Logistic"
"Pectobacterium.carotovorum.subsp..Carotovorum.Pcc2_15_TSB_1","Logistic","Logistic"
"Pectobacterium.carotovorum.subsp..Carotovorum.Pcc2_25_TSB_1","Logistic","Logistic"
"Pectobacterium.carotovorum.subsp..Carotovorum.Pcc2_35_TSB_1","Logistic","Logistic"
"Pectobacterium.carotovorum.subsp..Carotovorum.Pcc2_5_TSB_1","Quadratic","Quadratic"
"Pseudomonas sp._12_APT Broth_9","Logistic","Logistic"
"Pseudomonas sp._15_APT Broth_9","Logistic","Logistic"
"Pseudomonas sp._2_APT Broth_9","Quadratic","Quadratic"
"Pseudomonas sp._4_APT Broth_9","Quadratic","Quadratic"
"Pseudomonas sp._6_APT Broth_9","Quadratic","Quadratic"
"Pseudomonas sp._8_APT Broth_9",NA,"Quadratic"
"Pseudomonas spp._10_Cooked Chicken Breast_3","Quadratic","Quadratic"
"Pseudomonas spp._10_Raw Chicken Breast_3","Logistic","Logistic"
"Pseudomonas spp._10_Salted Chicken Breast_3","Logistic","Logistic"
"Pseudomonas spp._15_Cooked Chicken Breast_3","Quadratic","Quadratic"
"Pseudomonas spp._15_Raw Chicken Breast_3","Logistic","Logistic"
"Pseudomonas spp._15_Salted Chicken Breast_3","Logistic","Logistic"
"Pseudomonas spp._20_Cooked Chicken Breast_3","Logistic","Logistic"
"Pseudomonas spp._20_Raw Chicken Breast_3","Logistic","Logistic"
"Pseudomonas spp._20_Salted Chicken Breast_3","Logistic","Logistic"
"Pseudomonas spp._2_Cooked Chicken Breast_3","Logistic","Logistic"
"Pseudomonas spp._2_Raw Chicken Breast_3","Logistic","Logistic"
"Pseudomonas spp._2_Salted Chicken Breast_3","Logistic","Logistic"
"Pseudomonas spp._4_Cooked Chicken Breast_3","Logistic","Logistic"
"Pseudomonas spp._4_Raw Chicken Breast_3","Logistic","Logistic"
"Pseudomonas spp._4_Salted Chicken Breast_3","Logistic","Logistic"
"Pseudomonas spp._7_Cooked Chicken Breast_3","Quadratic","Quadratic"
"Pseudomonas spp._7_Raw Chicken Breast_3","Quadratic","Quadratic"
"Pseudomonas spp._7_Salted Chicken Breast_3","Logistic","Logistic"
"Pseudomonas.fluorescens.1_15_TSB_1","Logistic","Logistic"
"Pseudomonas.fluorescens.1_25_TSB_1","Logistic","Logistic"
"Pseudomonas.fluorescens.1_35_TSB_1","Logistic","Logistic"
"Pseudomonas.fluorescens.1_5_TSB_1","Logistic","Logistic"
"Pseudomonas.fluorescens.2_15_TSB_1","Logistic","Logistic"
"Pseudomonas.fluorescens.2_25_TSB_1","Logistic","Logistic"
"Pseudomonas.fluorescens.2_35_TSB_1","Logistic","Logistic"
"Pseudomonas.fluorescens.2_5_TSB_1","Logistic","Logistic"
"Salmonella Typhimurium_10_Vacuum Beef Striploins_4","Quadratic","Quadratic"
"Salmonella Typhimurium_12_C02 Beef Striploins_4","Logistic","Logistic"
"Salmonella Typhimurium_12_Vacuum Beef Striploins_4","Logistic","Logistic"
"Salmonella Typhimurium_15_C02 Beef Striploins_4","Quadratic","Quadratic"
"Salmonella Typhimurium_15_Vacuum Beef Striploins_4","Quadratic","Quadratic"
"Salmonella Typhimurium_20_C02 Beef Striploins_4","Logistic","Logistic"
"Salmonella Typhimurium_20_Vacuum Beef Striploins_4","Logistic","Logistic"
"Salmonella Typhimurium_30_C02 Beef Striploins_4","Quadratic","Quadratic"
"Salmonella Typhimurium_30_Vacuum Beef Striploins_4","Logistic","Logistic"
"Salmonella Typhimurium_8_Vacuum Beef Striploins_4","Quadratic","Quadratic"
"Serratia marcescens_10_Pasteurised Double Cream_5",NA,"Quadratic"
"Serratia marcescens_10_Pasteurised Full-fat Milk_5","Quadratic","Quadratic"
"Serratia marcescens_10_Pasteurised Skim Milk_5",NA,"Quadratic"
"Serratia marcescens_10_UHT Double Cream_5",NA,"Quadratic"
"Serratia marcescens_10_UHT Full-fat Milk_5",NA,"Quadratic"
"Serratia marcescens_10_UHT Skim Milk_5",NA,"Quadratic"
"Serratia marcescens_15_Pasteurised Double Cream_5","Logistic","Logistic"
"Serratia marcescens_15_Pasteurised Full-fat Milk_5","Quadratic","Quadratic"
"Serratia marcescens_15_Pasteurised Skim Milk_5",NA,"Quadratic"
"Serratia marcescens_15_UHT Double Cream_5","Logistic","Logistic"
"Serratia marcescens_15_UHT Full-fat Milk_5","Logistic","Logistic"
"Serratia marcescens_15_UHT Skim Milk_5",NA,"Quadratic"
"Serratia marcescens_6_Pasteurised Double Cream_5","Quadratic","Quadratic"
"Serratia marcescens_6_Pasteurised Full-fat Milk_5","Quadratic","Quadratic"
"Serratia marcescens_6_Pasteurised Skim Milk_5","Quadratic","Quadratic"
"Serratia marcescens_6_UHT Double Cream_5","Logistic","Logistic"
"Serratia marcescens_6_UHT Full-fat Milk_5","Quadratic","Quadratic"
"Serratia marcescens_6_UHT Skim Milk_5","Quadratic","Quadratic"
"Spoilage_10_C02 Beef Striploins_4","Logistic","Logistic"
"Spoilage_10_Vacuum Beef Striploins_4","Quadratic","Quadratic"
"Spoilage_12_C02 Beef Striploins_4","Logistic","Logistic"
"Spoilage_12_Vacuum Beef Striploins_4","Quadratic","Quadratic"
"Spoilage_15_C02 Beef Striploins_4","Quadratic","Quadratic"
"Spoilage_15_Vacuum Beef Striploins_4","Quadratic","Quadratic"
"Spoilage_20_C02 Beef Striploins_4","Quadratic","Quadratic"
"Spoilage_20_Vacuum Beef Striploins_4","Logistic","Logistic"
"Spoilage_30_C02 Beef Striploins_4","Quadratic","Quadratic"
"Spoilage_30_Vacuum Beef Striploins_4","Quadratic","Quadratic"
"Spoilage_8_Vacuum Beef Striploins_4","Logistic","Logistic"
"Staphylococcus spp._10_Cooked Chicken Breast_3","Quadratic","Quadratic"
"Staphylococcus spp._10_Raw Chicken Breast_3","Logistic","Logistic"
"Staphylococcus spp._10_Salted Chicken Breast_3","Logistic","Logistic"
"Staphylococcus spp._15_Cooked Chicken Breast_3","Quadratic","Quadratic"
"Staphylococcus spp._15_Raw Chicken Breast_3","Logistic","Logistic"
"Staphylococcus spp._15_Salted Chicken Breast_3","Logistic","Logistic"
"Staphylococcus spp._20_Cooked Chicken Breast_3","Logistic","Logistic"
"Staphylococcus spp._20_Raw Chicken Breast_3","Logistic","Logistic"
"Staphylococcus spp._20_Salted Chicken Breast_3","Logistic","Logistic"
"Staphylococcus spp._2_Cooked Chicken Breast_3","Logistic","Logistic"
"Staphylococcus spp._2_Raw Chicken Breast_3","Logistic","Logistic"
"Staphylococcus spp._2_Salted Chicken Breast_3","Logistic","Logistic"
"Staphylococcus spp._4_Cooked Chicken Breast_3","Logistic","Logistic"
"Staphylococcus spp._4_Raw Chicken Breast_3","Logistic","Logistic"
"Staphylococcus spp._4_Salted Chicken Breast_3","Quadratic","Quadratic"
"Staphylococcus spp._7_Cooked Chicken Breast_3","Quadratic","Quadratic"
"Staphylococcus spp._7_Raw Chicken Breast_3","Logistic","Logistic"
"Staphylococcus spp._7_Salted Chicken Breast_3","Logistic","Logistic"
"Stenotrophomonas.maltophilia..RDA.R._15_TSB_1","Logistic","Logistic"
"Stenotrophomonas.maltophilia..RDA.R._25_TSB_1","Logistic","Logistic"
"Stenotrophomonas.maltophilia..RDA.R._35_TSB_1","Logistic","Logistic"
"Stenotrophomonas.maltophilia..RDA.R._5_TSB_1","Logistic","Logistic"
"Stenotrophomonas.maltophilia.1_15_TSB_1","Logistic","Logistic"
"Stenotrophomonas.maltophilia.1_25_TSB_1","Logistic","Logistic"
"Stenotrophomonas.maltophilia.1_35_TSB_1","Logistic","Logistic"
"Stenotrophomonas.maltophilia.1_5_TSB_1","Logistic","Logistic"
"Stenotrophomonas.maltophilia.2_15_TSB_1","Logistic","Logistic"
"Stenotrophomonas.maltophilia.2_25_TSB_1","Logistic","Logistic"
"Stenotrophomonas.maltophilia.2_35_TSB_1","Logistic","Logistic"
"Stenotrophomonas.maltophilia.2_5_TSB_1","Logistic","Logistic"
"Tetraselmis tetrahele_16_ESAW_2","Quadratic","Quadratic"
"Tetraselmis tetrahele_25_ESAW_2","Quadratic","Quadratic"
"Tetraselmis tetrahele_32_ESAW_2","Quadratic","Quadratic"
"Tetraselmis tetrahele_5_ESAW_2","Quadratic","Quadratic"
"Tetraselmis tetrahele_8_ESAW_2","Quadratic","Quadratic"
"Weissella viridescens_12_MRS broth_7","Quadratic","Quadratic"
"Weissella viridescens_16_MRS broth_7","Quadratic","Quadratic"
"Weissella viridescens_20_MRS broth_7","Logistic","Logistic"
"Weissella viridescens_30_MRS broth_7","Logistic","Logistic"
"Weissella viridescens_4_MRS broth_7","Logistic","Logistic"
"Weissella viridescens_8_MRS broth_7","Quadratic","Quadratic"
