"ID","model","n_points","converged","R2","AIC","AICc","BIC"
"Acinetobacter.clacoaceticus..RDA.R._15_TSB_1","Quadratic",21,TRUE,0.533024700932048,-50.9389931711935,-49.5272284653112,-47.8054258580232
"Acinetobacter.clacoaceticus..RDA.R._15_TSB_1","Logistic",21,TRUE,0.670428129498535,-58.2571133534542,-56.8453486475719,-55.123546040284
"Acinetobacter.clacoaceticus..RDA.R._25_TSB_1","Quadratic",14,TRUE,0.68590545534827,-22.5416962354669,-20.1416962354669,-20.6245242466212
"Acinetobacter.clacoaceticus..RDA.R._25_TSB_1","Logistic",14,TRUE,0.913313402159822,-40.5652226965225,-38.1652226965225,-38.6480507076767
"Acinetobacter.clacoaceticus..RDA.R._35_TSB_1","Quadratic",15,TRUE,0.472349272401427,-15.5235275323517,-13.3417093505335,-13.399376929045
"Acinetobacter.clacoaceticus..RDA.R._35_TSB_1","Logistic",15,TRUE,0.961679280772102,-54.8601851643925,-52.6783669825743,-52.7360345610859
"Acinetobacter.clacoaceticus..RDA.R._5_TSB_1","Quadratic",28,TRUE,0.925704942406652,-143.520796974114,-142.520796974114,-139.524183443588
"Acinetobacter.clacoaceticus..RDA.R._5_TSB_1","Logistic",28,TRUE,0.927031864703559,-144.025401405671,-143.025401405671,-140.028787875146
"Acinetobacter.clacoaceticus.1_15_TSB_1","Quadratic",21,TRUE,0.453552051601245,-61.713745402601,-60.3019806967186,-58.5801780894307
"Acinetobacter.clacoaceticus.1_15_TSB_1","Logistic",21,TRUE,0.808868331503802,-83.7737519718914,-82.3619872660091,-80.6401846587212
"Acinetobacter.clacoaceticus.1_25_TSB_1","Quadratic",13,TRUE,0.675240241926727,-19.7852160418576,-17.1185493751909,-18.090367969473
"Acinetobacter.clacoaceticus.1_25_TSB_1","Logistic",13,TRUE,0.809394878305868,-26.7126799718298,-24.0460133051631,-25.0178318994452
"Acinetobacter.clacoaceticus.1_35_TSB_1","Quadratic",16,TRUE,0.637662689396256,-10.6485245911429,-8.6485245911429,-8.33075842442356
"Acinetobacter.clacoaceticus.1_35_TSB_1","Logistic",16,TRUE,0.979559285890891,-56.6492745695436,-54.6492745695436,-54.3315084028242
"Acinetobacter.clacoaceticus.1_5_TSB_1","Quadratic",28,TRUE,0.95254805372922,-122.206796343603,-121.206796343603,-118.210182813077
"Acinetobacter.clacoaceticus.1_5_TSB_1","Logistic",28,TRUE,0.978512986559534,-144.39032316083,-143.39032316083,-140.393709630304
"Acinetobacter.clacoaceticus.2_15_TSB_1","Quadratic",25,TRUE,0.424605722835419,-10.6923926159537,-9.54953547309654,-7.03576514134908
"Acinetobacter.clacoaceticus.2_15_TSB_1","Logistic",25,TRUE,0.871880159819653,-48.2446283137283,-47.1017711708712,-44.5880008391237
"Acinetobacter.clacoaceticus.2_25_TSB_1","Quadratic",14,TRUE,0.693131475120028,-14.2934994797311,-11.8934994797311,-12.3763274908853
"Acinetobacter.clacoaceticus.2_25_TSB_1","Logistic",14,TRUE,0.798492805916067,-20.1818198860842,-17.7818198860842,-18.2646478972384
"Acinetobacter.clacoaceticus.2_35_TSB_1","Quadratic",16,TRUE,0.59468154468212,-10.0542139028701,-8.0542139028701,-7.73644773615076
"Acinetobacter.clacoaceticus.2_35_TSB_1","Logistic",16,TRUE,0.777516671068544,-19.6513482213609,-17.6513482213609,-17.3335820546416
"Acinetobacter.clacoaceticus.2_5_TSB_1","Quadratic",28,TRUE,0.920018555702082,-100.123942337024,-99.1239423370238,-96.1273288064982
"Acinetobacter.clacoaceticus.2_5_TSB_1","Logistic",28,TRUE,0.978098501072712,-136.390650656697,-135.390650656697,-132.394037126172
"Aerobic Mesophilic._10_Cooked Chicken Breast_3","Quadratic",11,TRUE,0.940555460547229,-1.77082528530341,1.65774614326801,-0.577139466908302
"Aerobic Mesophilic._10_Cooked Chicken Breast_3","Logistic",11,TRUE,0.964566775977398,-7.46215770265973,-4.0335862740883,-6.26847188426462
"Aerobic Mesophilic._10_Raw Chicken Breast_3","Quadratic",10,TRUE,0.950666356550611,-5.8471505475114,-1.8471505475114,-4.93939526852926
"Aerobic Mesophilic._10_Raw Chicken Breast_3","Logistic",10,TRUE,0.969272826027779,-10.5817391720598,-6.58173917205978,-9.67398389307764
"Aerobic Mesophilic._10_Salted Chicken Breast_3","Quadratic",12,TRUE,0.974093657869295,-18.4422531501003,-15.4422531501003,-16.9875332007363
"Aerobic Mesophilic._10_Salted Chicken Breast_3","Logistic",12,TRUE,0.98314728637614,-23.6019665766944,-20.6019665766944,-22.1472466273304
"Aerobic Mesophilic._15_Cooked Chicken Breast_3","Quadratic",9,TRUE,0.966521386071621,-6.09692671197255,-1.29692671197255,-5.50525297996389
"Aerobic Mesophilic._15_Cooked Chicken Breast_3","Logistic",9,TRUE,0.981279415670272,-11.3284751521384,-6.52847515213837,-10.7368014201297
"Aerobic Mesophilic._15_Raw Chicken Breast_3","Quadratic",9,TRUE,0.982840834993816,-14.0579833487675,-9.25798334876751,-13.4663096167589
"Aerobic Mesophilic._15_Raw Chicken Breast_3","Logistic",9,TRUE,0.991327439933516,-20.1992990175134,-15.3992990175134,-19.6076252855047
"Aerobic Mesophilic._15_Salted Chicken Breast_3","Quadratic",8,TRUE,0.97961967066798,-13.0332307551692,-7.03323075516922,-12.7949061301297
"Aerobic Mesophilic._15_Salted Chicken Breast_3","Logistic",8,TRUE,0.985072651858486,-15.524232442488,-9.52423244248795,-15.2859078174484
"Aerobic Mesophilic._20_Cooked Chicken Breast_3","Quadratic",10,TRUE,0.962045633220523,-7.21176120204627,-3.21176120204627,-6.30400592306413
"Aerobic Mesophilic._20_Cooked Chicken Breast_3","Logistic",10,TRUE,-0.548650311466108,29.8757837970011,33.8757837970011,30.7835390759832
"Aerobic Mesophilic._20_Raw Chicken Breast_3","Quadratic",8,TRUE,0.985423916039365,-16.7416777020108,-10.7416777020108,-16.5033530769713
"Aerobic Mesophilic._20_Raw Chicken Breast_3","Logistic",8,TRUE,0.992795471730378,-22.3790564702602,-16.3790564702602,-22.1407318452207
"Aerobic Mesophilic._20_Salted Chicken Breast_3","Quadratic",8,TRUE,0.950302968007074,-5.91831412404829,0.0816858759517132,-5.67998949900878
"Aerobic Mesophilic._20_Salted Chicken Breast_3","Logistic",8,TRUE,0.921095518839134,-2.21997165348762,3.78002834651238,-1.98164702844812
"Aerobic Mesophilic._2_Cooked Chicken Breast_3","Quadratic",9,TRUE,0.931793937244469,-2.67357220665999,2.12642779334001,-2.08189847465133
"Aerobic Mesophilic._2_Cooked Chicken Breast_3","Logistic",9,TRUE,0.949008553570643,-5.2914522108416,-0.491452210841604,-4.69977847883295
"Aerobic Mesophilic._2_Raw Chicken Breast_3","Quadratic",10,TRUE,0.949300682435692,-7.56212078061721,-3.56212078061721,-6.65436550163507
"Aerobic Mesophilic._2_Raw Chicken Breast_3","Logistic",10,TRUE,0.963354990598643,-10.808472783682,-6.80847278368203,-9.9007175046999
"Aerobic Mesophilic._2_Salted Chicken Breast_3","Quadratic",10,TRUE,0.949285038090196,-7.95729480201938,-3.95729480201938,-7.04953952303724
"Aerobic Mesophilic._2_Salted Chicken Breast_3","Logistic",10,TRUE,0.959963572441885,-10.3216072532468,-6.32160725324679,-9.41385197426466
"Aerobic Mesophilic._4_Cooked Chicken Breast_3","Quadratic",6,TRUE,0.967423079998693,-0.376060688047334,11.6239393119527,-1.00078228036317
"Aerobic Mesophilic._4_Cooked Chicken Breast_3","Logistic",6,TRUE,0.985094136785167,-5.0671572219647,6.9328427780353,-5.69187881428054
"Aerobic Mesophilic._4_Raw Chicken Breast_3","Quadratic",7,TRUE,0.946674768528985,-2.39441833221925,5.60558166778075,-2.55668788505331
"Aerobic Mesophilic._4_Raw Chicken Breast_3","Logistic",7,TRUE,0.968850625268409,-6.15772636250443,1.84227363749557,-6.31999591533849
"Aerobic Mesophilic._4_Salted Chicken Breast_3","Quadratic",7,TRUE,0.956402422674644,-2.93843398102226,5.06156601897774,-3.10070353385632
"Aerobic Mesophilic._4_Salted Chicken Breast_3","Logistic",7,TRUE,0.976775447736109,-7.34697501695048,0.653024983049518,-7.50924456978454
"Aerobic Mesophilic._7_Cooked Chicken Breast_3","Quadratic",11,TRUE,0.93163252065092,3.65425351184819,7.08282494041962,4.8479393302433
"Aerobic Mesophilic._7_Cooked Chicken Breast_3","Logistic",11,TRUE,0.946619067465174,0.932373363073471,4.3609447916449,2.12605918146858
"Aerobic Mesophilic._7_Raw Chicken Breast_3","Quadratic",14,TRUE,0.930335859411856,-0.799718709748499,1.6002812902515,1.11745327909728
"Aerobic Mesophilic._7_Raw Chicken Breast_3","Logistic",14,TRUE,0.947525981633413,-4.76686432987136,-2.36686432987136,-2.84969234102558
"Aerobic Mesophilic._7_Salted Chicken Breast_3","Quadratic",13,TRUE,0.965155500449711,-11.2338250585845,-8.56715839191785,-9.53897698619991
"Aerobic Mesophilic._7_Salted Chicken Breast_3","Logistic",13,TRUE,0.960613627469248,-9.64100540157022,-6.97433873490355,-7.94615732918561
"Aerobic Psychotropic._10_Cooked Chicken Breast_3","Quadratic",12,TRUE,0.960311476647385,-10.7350538897488,-7.73505388974885,-9.28033394038485
"Aerobic Psychotropic._10_Cooked Chicken Breast_3","Logistic",12,TRUE,0.975025131275076,-16.2933578096093,-13.2933578096093,-14.8386378602453
"Aerobic Psychotropic._10_Raw Chicken Breast_3","Quadratic",12,TRUE,0.949304513630617,-10.046886844219,-7.046886844219,-8.59216689485499
"Aerobic Psychotropic._10_Raw Chicken Breast_3","Logistic",12,TRUE,0.965323229091266,-14.60408897058,-11.60408897058,-13.149369021216
"Aerobic Psychotropic._10_Salted Chicken Breast_3","Quadratic",12,TRUE,0.969792554614335,-17.3005980630132,-14.3005980630132,-15.8458781136492
"Aerobic Psychotropic._10_Salted Chicken Breast_3","Logistic",12,TRUE,0.984289931486156,-25.1460374613211,-22.1460374613211,-23.6913175119571
"Aerobic Psychotropic._15_Cooked Chicken Breast_3","Quadratic",9,TRUE,0.984871495305071,-15.466424075587,-10.666424075587,-14.8747503435783
"Aerobic Psychotropic._15_Cooked Chicken Breast_3","Logistic",9,TRUE,0.993272773049591,-22.7601831661437,-17.9601831661437,-22.168509434135
"Aerobic Psychotropic._15_Raw Chicken Breast_3","Quadratic",10,TRUE,0.958137521706624,-6.74933994993836,-2.74933994993836,-5.84158467095622
"Aerobic Psychotropic._15_Raw Chicken Breast_3","Logistic",10,TRUE,0.973973321574303,-11.5020180934846,-7.50201809348458,-10.5942628145024
"Aerobic Psychotropic._15_Salted Chicken Breast_3","Quadratic",9,TRUE,0.982528727033238,-17.722066169205,-12.922066169205,-17.1303924371964
"Aerobic Psychotropic._15_Salted Chicken Breast_3","Logistic",9,TRUE,0.989218031345165,-22.0662115268156,-17.2662115268156,-21.4745377948069
"Aerobic Psychotropic._20_Cooked Chicken Breast_3","Quadratic",9,TRUE,0.978451799987472,-14.7464986406215,-9.94649864062154,-14.1548249086129
"Aerobic Psychotropic._20_Cooked Chicken Breast_3","Logistic",9,TRUE,0.981672861267111,-16.2036826537302,-11.4036826537302,-15.6120089217216
"Aerobic Psychotropic._20_Raw Chicken Breast_3","Quadratic",8,TRUE,0.980009903635636,-13.3341708666701,-7.33417086667013,-13.0958462416306
"Aerobic Psychotropic._20_Raw Chicken Breast_3","Logistic",8,TRUE,0.987251192408771,-16.9325646599088,-10.9325646599088,-16.6942400348693
"Aerobic Psychotropic._20_Salted Chicken Breast_3","Quadratic",6,TRUE,0.988924036527256,-14.8947951773801,-2.89479517738014,-15.519516769696
"Aerobic Psychotropic._20_Salted Chicken Breast_3","Logistic",6,TRUE,0.989924396186528,-15.4627567945828,-3.46275679458284,-16.0874783868987
"Aerobic Psychotropic._2_Cooked Chicken Breast_3","Quadratic",9,TRUE,0.933593854864452,0.903871071085661,5.70387107108566,1.49554480309432
"Aerobic Psychotropic._2_Cooked Chicken Breast_3","Logistic",9,TRUE,0.940169341135564,-0.0345713471645546,4.76542865283545,0.557102384844104
"Aerobic Psychotropic._2_Raw Chicken Breast_3","Quadratic",10,TRUE,0.971804931986045,-12.2642122252335,-8.26421222523348,-11.3564569462513
"Aerobic Psychotropic._2_Raw Chicken Breast_3","Logistic",10,TRUE,0.985209982205088,-18.7161581215584,-14.7161581215584,-17.8084028425762
"Aerobic Psychotropic._2_Salted Chicken Breast_3","Quadratic",10,TRUE,0.965910690847344,-12.015994472034,-8.01599447203397,-11.1082391930518
"Aerobic Psychotropic._2_Salted Chicken Breast_3","Logistic",10,TRUE,0.979449964578782,-17.0772060315105,-13.0772060315105,-16.1694507525283
"Aerobic Psychotropic._4_Cooked Chicken Breast_3","Quadratic",7,TRUE,0.954032470774364,0.290676527752627,8.29067652775263,0.128406974918566
"Aerobic Psychotropic._4_Cooked Chicken Breast_3","Logistic",7,TRUE,0.969393016399471,-2.5562728619769,5.4437271380231,-2.71854241481096
"Aerobic Psychotropic._4_Raw Chicken Breast_3","Quadratic",6,TRUE,0.988732277216846,-12.4627706437418,-0.462770643741848,-13.0874922360577
"Aerobic Psychotropic._4_Raw Chicken Breast_3","Logistic",6,TRUE,0.991651340889933,-14.261818487126,-2.26181848712605,-14.8865400794419
"Aerobic Psychotropic._4_Salted Chicken Breast_3","Quadratic",6,TRUE,0.994153536663978,-17.1324521832111,-5.13245218321105,-17.7571737755269
"Aerobic Psychotropic._4_Salted Chicken Breast_3","Logistic",6,TRUE,0.997984722732589,-23.5229329803397,-11.5229329803397,-24.1476545726555
"Aerobic Psychotropic._7_Cooked Chicken Breast_3","Quadratic",13,TRUE,0.918681841469071,1.50665740035246,4.17332406701913,3.20150547273707
"Aerobic Psychotropic._7_Cooked Chicken Breast_3","Logistic",13,TRUE,0.935241399367047,-1.45347930789614,1.21318735877053,0.24136876448847
"Aerobic Psychotropic._7_Raw Chicken Breast_3","Quadratic",13,TRUE,0.9213248092232,-1.02226903630658,1.64439763036009,0.672579036078031
"Aerobic Psychotropic._7_Raw Chicken Breast_3","Logistic",13,TRUE,0.94322087035691,-5.2623366274758,-2.59566996080914,-3.56748855509119
"Aerobic Psychotropic._7_Salted Chicken Breast_3","Quadratic",14,TRUE,0.969851650347078,-17.6697654947541,-15.2697654947541,-15.7525935059083
"Aerobic Psychotropic._7_Salted Chicken Breast_3","Logistic",14,TRUE,0.973750759351402,-19.6086692146316,-17.2086692146316,-17.6914972257859
"Arthrobacter aurescens_0_TGE agar_6","Quadratic",17,TRUE,0.97139892018517,-41.1581840672424,-39.3120302210885,-38.6585440350737
"Arthrobacter aurescens_0_TGE agar_6","Logistic",17,TRUE,0.825437269174096,-10.4079092838775,-8.56175543772365,-7.90826925170885
"Arthrobacter aurescens_20_TGE agar_6","Quadratic",8,TRUE,0.925812903706217,-6.57773613024742,-0.577736130247418,-6.33941150520791
"Arthrobacter aurescens_20_TGE agar_6","Logistic",8,TRUE,0.982384614244453,-18.080276288933,-12.080276288933,-17.8419516638935
"Arthrobacter aurescens_30_TGE agar_6","Quadratic",5,TRUE,0.992226649689962,-11.0920548311289,12.9079451688711,-12.2637410938266
"Arthrobacter aurescens_30_TGE agar_6","Logistic",5,FALSE,NA,NA,NA,NA
"Arthrobacter aurescens_37_TGE agar_6","Quadratic",8,TRUE,0.95425233072927,-15.3228380122802,-9.32283801228022,-15.0845133872407
"Arthrobacter aurescens_37_TGE agar_6","Logistic",8,TRUE,0.960519195091922,-16.5014479596535,-10.5014479596535,-16.263123334614
"Arthrobacter aurescens_7_TGE agar_6","Quadratic",11,TRUE,0.967883058829001,-21.0635610705576,-17.6349896419862,-19.8698752521625
"Arthrobacter aurescens_7_TGE agar_6","Logistic",11,TRUE,0.989259315586702,-33.1123543168443,-29.6837828882729,-31.9186684984492
"Arthrobacter citreus_0_TGE agar_6","Quadratic",14,TRUE,0.919954849792194,-22.0837568262894,-19.6837568262894,-20.1665848374436
"Arthrobacter citreus_0_TGE agar_6","Logistic",14,TRUE,0.667618095914706,-2.15204407075509,0.247955929244906,-0.23487208190932
"Arthrobacter citreus_20_TGE agar_6","Quadratic",8,TRUE,0.979558854285607,-14.5519460613018,-8.55194606130184,-14.3136214362623
"Arthrobacter citreus_20_TGE agar_6","Logistic",8,TRUE,0.992082890926977,-22.1401356066507,-16.1401356066507,-21.9018109816112
"Arthrobacter citreus_30_TGE agar_6","Quadratic",9,TRUE,0.917694261027432,-8.50433343528029,-3.70433343528029,-7.91265970327163
"Arthrobacter citreus_30_TGE agar_6","Logistic",9,TRUE,0.951640067983779,-13.2902563940722,-8.49025639407217,-12.6985826620635
"Arthrobacter citreus_37_TGE agar_6","Quadratic",9,TRUE,0.834282364043802,4.42359480302577,9.22359480302577,5.01526853503443
"Arthrobacter citreus_37_TGE agar_6","Logistic",9,TRUE,0.852371748779054,3.38330231674795,8.18330231674795,3.97497604875661
"Arthrobacter citreus_7_TGE agar_6","Quadratic",10,TRUE,0.859443726901139,-2.52384226949321,1.47615773050679,-1.61608699051107
"Arthrobacter citreus_7_TGE agar_6","Logistic",10,TRUE,0.883964395431308,-4.44095075864708,-0.440950758647084,-3.53319547966495
"Arthrobacter globiformis_0_TGE agar_6","Quadratic",19,TRUE,0.0532823958670406,-212.249243056319,-210.649243056319,-209.415926118819
"Arthrobacter globiformis_0_TGE agar_6","Logistic",19,TRUE,0.00155111036112654,-211.238402848868,-209.638402848868,-208.405085911368
"Arthrobacter globiformis_20_TGE agar_6","Quadratic",8,TRUE,0.916485122745007,-8.42396425356961,-2.42396425356961,-8.1856396285301
"Arthrobacter globiformis_20_TGE agar_6","Logistic",8,TRUE,0.991482664542356,-26.6873341294896,-20.6873341294896,-26.4490095044501
"Arthrobacter globiformis_30_TGE agar_6","Quadratic",8,TRUE,0.883098421368814,-6.24502075132682,-0.245020751326821,-6.00669612628731
"Arthrobacter globiformis_30_TGE agar_6","Logistic",8,TRUE,0.934683921077213,-10.9017738308573,-4.90177383085728,-10.6634492058178
"Arthrobacter globiformis_37_TGE agar_6","Quadratic",7,TRUE,0.761198867463192,1.54856202351282,9.54856202351282,1.38629247067876
"Arthrobacter globiformis_37_TGE agar_6","Logistic",7,TRUE,0.98761388712048,-19.1648244336967,-11.1648244336967,-19.3270939865307
"Arthrobacter globiformis_7_TGE agar_6","Quadratic",17,TRUE,0.983995232987358,-54.9570638655858,-53.110910019432,-52.4574238334172
"Arthrobacter globiformis_7_TGE agar_6","Logistic",17,TRUE,0.990214304953085,-63.320468626784,-61.4743147806302,-60.8208285946154
"Arthrobacter simplex_0_TGE agar_6","Quadratic",18,TRUE,0.327060084716057,-195.034817325123,-193.320531610837,-192.363702051434
"Arthrobacter simplex_0_TGE agar_6","Logistic",18,TRUE,0.259121758126765,-193.303572841334,-191.589287127048,-190.632457567646
"Arthrobacter simplex_20_TGE agar_6","Quadratic",7,TRUE,0.963352322057568,-7.48115971664025,0.518840283359749,-7.64342926947431
"Arthrobacter simplex_20_TGE agar_6","Logistic",7,TRUE,0.981751491179308,-12.362026619782,-4.36202661978203,-12.5242961726161
"Arthrobacter simplex_30_TGE agar_6","Quadratic",8,TRUE,0.867180347045307,-3.442842367276,2.557157632724,-3.2045177422365
"Arthrobacter simplex_30_TGE agar_6","Logistic",8,TRUE,0.986205156462944,-21.5604211641453,-15.5604211641453,-21.3220965391058
"Arthrobacter simplex_37_TGE agar_6","Quadratic",8,TRUE,0.90723303600245,-4.40804447972608,1.59195552027392,-4.16971985468658
"Arthrobacter simplex_37_TGE agar_6","Logistic",8,TRUE,0.998046199061101,-35.2905557614825,-29.2905557614825,-35.052231136443
"Arthrobacter simplex_7_TGE agar_6","Quadratic",14,TRUE,0.908893450916176,-11.4537593695671,-9.05375936956706,-9.53658738072128
"Arthrobacter simplex_7_TGE agar_6","Logistic",14,TRUE,0.9177701232186,-12.8889132312254,-10.4889132312254,-10.9717412423796
"Arthrobacter sp. 62_0_TGE agar_6","Quadratic",18,TRUE,0.962557557739234,-26.8407489397821,-25.1264632254964,-24.1696336660936
"Arthrobacter sp. 62_0_TGE agar_6","Logistic",18,TRUE,0.959187426865597,-25.2894132123601,-23.5751274980744,-22.6182979386716
"Arthrobacter sp. 62_20_TGE agar_6","Quadratic",9,TRUE,0.972516597309414,-13.2138793992159,-8.41387939921592,-12.6222056672073
"Arthrobacter sp. 62_20_TGE agar_6","Logistic",9,TRUE,0.984419781146505,-18.3221011679182,-13.5221011679182,-17.7304274359095
"Arthrobacter sp. 62_30_TGE agar_6","Quadratic",10,TRUE,0.282593284019906,-101.177300498856,-97.1773004988565,-100.269545219874
"Arthrobacter sp. 62_30_TGE agar_6","Logistic",10,TRUE,0.0301497785245802,-98.16231327771,-94.16231327771,-97.2545579987278
"Arthrobacter sp. 62_37_TGE agar_6","Quadratic",16,TRUE,0.696345917904157,-169.662107991918,-167.662107991918,-167.344341825199
"Arthrobacter sp. 62_37_TGE agar_6","Logistic",16,TRUE,0.585847911065157,-164.696602307715,-162.696602307715,-162.378836140996
"Arthrobacter sp. 62_7_TGE agar_6","Quadratic",12,TRUE,0.957542750367818,-16.3210747688243,-13.3210747688243,-14.8663548194603
"Arthrobacter sp. 62_7_TGE agar_6","Logistic",12,TRUE,0.962070814828221,-17.6743964363335,-14.6743964363335,-16.2196764869695
"Arthrobacter sp. 77_0_TGE agar_6","Quadratic",19,TRUE,0.98611449263656,-51.0994963647734,-49.4994963647734,-48.2661794272741
"Arthrobacter sp. 77_0_TGE agar_6","Logistic",19,TRUE,0.99037701907555,-58.0666363164711,-56.4666363164711,-55.2333193789718
"Arthrobacter sp. 77_20_TGE agar_6","Quadratic",7,TRUE,0.960256029980167,-9.21617243722731,-1.21617243722731,-9.37844199006137
"Arthrobacter sp. 77_20_TGE agar_6","Logistic",7,TRUE,0.974471733192851,-12.3148749777851,-4.31487497778506,-12.4771445306191
"Arthrobacter sp. 77_30_TGE agar_6","Quadratic",10,TRUE,0.916689102935242,-8.13791821090198,-4.13791821090198,-7.23016293191985
"Arthrobacter sp. 77_30_TGE agar_6","Logistic",10,TRUE,0.967428759107378,-17.5294146099723,-13.5294146099723,-16.6216593309901
"Arthrobacter sp. 77_37_TGE agar_6","Quadratic",17,TRUE,0.382021266107662,-180.264062687302,-178.417908841148,-177.764422655133
"Arthrobacter sp. 77_37_TGE agar_6","Logistic",17,TRUE,0.17006947574045,-175.250967607213,-173.404813761059,-172.751327575045
"Arthrobacter sp. 77_7_TGE agar_6","Quadratic",13,TRUE,0.958832553360691,-19.1282822600529,-16.4616155933862,-17.4334341876683
"Arthrobacter sp. 77_7_TGE agar_6","Logistic",13,TRUE,0.982290622282813,-30.094477761565,-27.4278110948984,-28.3996296891804
"Arthrobacter sp. 88_0_TGE agar_6","Quadratic",13,TRUE,0.982779188875477,-36.1307237194768,-33.4640570528101,-34.4358756470922
"Arthrobacter sp. 88_0_TGE agar_6","Logistic",13,TRUE,0.988718498037981,-41.6291284709779,-38.9624618043112,-39.9342803985933
"Arthrobacter sp. 88_20_TGE agar_6","Quadratic",14,TRUE,0.800745082785469,0.553608158123357,2.95360815812336,2.47078014696913
"Arthrobacter sp. 88_20_TGE agar_6","Logistic",14,TRUE,0.985316934775427,-35.9568545274877,-33.5568545274877,-34.039682538642
"Arthrobacter sp. 88_30_TGE agar_6","Quadratic",11,TRUE,0.864211246494927,-0.318933441079167,3.10963798749226,0.874752377315945
"Arthrobacter sp. 88_30_TGE agar_6","Logistic",11,TRUE,0.966589633667209,-15.7435093552663,-12.3149379266949,-14.5498235368712
"Arthrobacter sp. 88_37_TGE agar_6","Quadratic",16,TRUE,0.21866930871244,-166.22097674348,-164.22097674348,-163.903210576761
"Arthrobacter sp. 88_37_TGE agar_6","Logistic",16,TRUE,0.149086584763799,-164.855986373823,-162.855986373823,-162.538220207104
"Arthrobacter sp. 88_7_TGE agar_6","Quadratic",9,TRUE,0.977309779086366,-23.2744609726866,-18.4744609726866,-22.6827872406779
"Arthrobacter sp. 88_7_TGE agar_6","Logistic",9,TRUE,0.997223743214012,-42.1819354221788,-37.3819354221788,-41.5902616901701
"Bacillus.pumilus..RDA.R._15_TSB_1","Quadratic",21,TRUE,0.858842434160376,-32.0302632264886,-30.6184985206063,-28.8966959133184
"Bacillus.pumilus..RDA.R._15_TSB_1","Logistic",21,TRUE,0.952220281255811,-54.7790487112149,-53.3672840053325,-51.6454813980446
"Bacillus.pumilus..RDA.R._25_TSB_1","Quadratic",15,TRUE,0.802905013496022,-4.51981380718057,-2.33799562536238,-2.39566320387394
"Bacillus.pumilus..RDA.R._25_TSB_1","Logistic",15,TRUE,0.955188793018238,-26.7382265104085,-24.5564083285903,-24.6140759071018
"Bacillus.pumilus..RDA.R._35_TSB_1","Quadratic",17,TRUE,0.62680305521791,-4.30578634459522,-2.45963249844137,-1.80614631242657
"Bacillus.pumilus..RDA.R._35_TSB_1","Logistic",17,TRUE,0.949789456482604,-38.4057675525215,-36.5596137063676,-35.9061275203528
"Bacillus.pumilus..RDA.R._5_TSB_1","Quadratic",10,TRUE,0.285041446969764,6.77885294690757,10.7788529469076,7.68660822588971
"Bacillus.pumilus..RDA.R._5_TSB_1","Logistic",10,TRUE,-2.22044604925031e-16,10.1341600044896,14.1341600044896,11.0419152834718
"Bacillus.pumilus_15_TSB_1","Quadratic",22,TRUE,0.820899234179804,-39.2625734399981,-37.9292401066648,-35.9894460799232
"Bacillus.pumilus_15_TSB_1","Logistic",22,TRUE,0.903228085302429,-52.8055923850825,-51.4722590517492,-49.5324650250075
"Bacillus.pumilus_25_TSB_1","Quadratic",14,TRUE,0.840428993863207,-12.0859562232566,-9.68595622325661,-10.1687842344108
"Bacillus.pumilus_25_TSB_1","Logistic",14,TRUE,0.978047369591166,-39.8563846988115,-37.4563846988115,-37.9392127099657
"Bacillus.pumilus_35_TSB_1","Quadratic",15,TRUE,0.414996796534316,26.1562493547099,28.3380675365281,28.2803999580166
"Bacillus.pumilus_35_TSB_1","Logistic",15,TRUE,0.931000676559755,-5.90656000365862,-3.72474182184044,-3.78240940035199
"Bacillus.pumilus_5_TSB_1","Quadratic",26,TRUE,0.205754311897669,-17.7516986562194,-16.6607895653103,-13.9774090421549
"Bacillus.pumilus_5_TSB_1","Logistic",26,TRUE,-2.84889889456963e-11,-11.7622753522517,-10.6713662613426,-7.98798573818726
"Chryseobacterium.balustinum_15_TSB_1","Quadratic",21,TRUE,0.812581943119404,-55.4759880858353,-54.064223379953,-52.3424207726651
"Chryseobacterium.balustinum_15_TSB_1","Logistic",21,TRUE,0.989286518461113,-115.574603192883,-114.162838487,-112.441035879713
"Chryseobacterium.balustinum_25_TSB_1","Quadratic",12,TRUE,0.846856691865153,-13.6412999654064,-10.6412999654064,-12.1865800160424
"Chryseobacterium.balustinum_25_TSB_1","Logistic",12,TRUE,0.94786266848207,-26.5712148789099,-23.5712148789099,-25.1164949295459
"Chryseobacterium.balustinum_35_TSB_1","Quadratic",15,TRUE,0.662416563231859,-0.541598520733814,1.64021966108437,1.58255208257282
"Chryseobacterium.balustinum_35_TSB_1","Logistic",15,TRUE,0.942246076934494,-27.0259198334481,-24.8441016516299,-24.9017692301415
"Chryseobacterium.balustinum_5_TSB_1","Quadratic",28,TRUE,0.934979867982209,-77.8758033458312,-76.8758033458312,-73.8791898153056
"Chryseobacterium.balustinum_5_TSB_1","Logistic",28,TRUE,0.978476494840612,-108.831240980855,-107.831240980855,-104.834627450329
"Clavibacter.michiganensis..RDA.R._15_TSB_1","Quadratic",23,TRUE,0.846911445683285,-41.7890114229155,-40.5258535281787,-38.3825287751281
"Clavibacter.michiganensis..RDA.R._15_TSB_1","Logistic",23,TRUE,0.852709624790412,-42.6770543126927,-41.4138964179558,-39.2705716649052
"Clavibacter.michiganensis..RDA.R._25_TSB_1","Quadratic",16,TRUE,0.793158975192259,-13.662846115743,-11.662846115743,-11.3450799490237
"Clavibacter.michiganensis..RDA.R._25_TSB_1","Logistic",16,TRUE,0.961917582106174,-40.7380109011673,-38.7380109011673,-38.4202447344479
"Clavibacter.michiganensis..RDA.R._35_TSB_1","Quadratic",17,TRUE,0.594177876165311,-5.6132128387457,-3.76705899259186,-3.11357280657706
"Clavibacter.michiganensis..RDA.R._35_TSB_1","Logistic",17,TRUE,0.990348941798779,-69.173618255727,-67.3274644095732,-66.6739782235584
"Clavibacter.michiganensis..RDA.R._5_TSB_1","Quadratic",28,TRUE,0.984035246019905,-127.285628441231,-126.285628441231,-123.289014910705
"Clavibacter.michiganensis..RDA.R._5_TSB_1","Logistic",28,TRUE,0.987210301317371,-133.49444251021,-132.49444251021,-129.497828979685
"Clavibacter.michiganensis_15_TSB_1","Quadratic",23,TRUE,0.847812997533238,-42.7147233560115,-41.4515654612746,-39.308240708224
"Clavibacter.michiganensis_15_TSB_1","Logistic",23,TRUE,0.928249734682262,-60.008848663231,-58.7456907684942,-56.6023660154436
"Clavibacter.michiganensis_25_TSB_1","Quadratic",15,TRUE,0.810230548840513,-13.6886560165665,-11.5068378347483,-11.5645054132598
"Clavibacter.michiganensis_25_TSB_1","Logistic",15,TRUE,0.979659479122718,-47.1865798407856,-45.0047616589674,-45.0624292374789
"Clavibacter.michiganensis_35_TSB_1","Quadratic",17,TRUE,0.654953467857841,-4.51003704388922,-2.66388319773537,-2.01039701172057
"Clavibacter.michiganensis_35_TSB_1","Logistic",17,FALSE,NA,NA,NA,NA
"Clavibacter.michiganensis_5_TSB_1","Quadratic",28,TRUE,0.97163711472217,-110.239279417247,-109.239279417247,-106.242665886721
"Clavibacter.michiganensis_5_TSB_1","Logistic",28,TRUE,0.986871260466477,-131.807056398619,-130.807056398619,-127.810442868093
"Dickeya.zeae..RDA.R._15_TSB_1","Quadratic",23,TRUE,0.527775526796315,-12.8498193813113,-11.5866614865744,-9.44333673352384
"Dickeya.zeae..RDA.R._15_TSB_1","Logistic",23,TRUE,0.908340442117208,-50.55540288318,-49.2922449884432,-47.1489202353925
"Dickeya.zeae..RDA.R._25_TSB_1","Quadratic",15,TRUE,0.665551575243298,-5.31700295038067,-3.13518476856248,-3.19285234707404
"Dickeya.zeae..RDA.R._25_TSB_1","Logistic",15,TRUE,0.995809387248467,-71.0115387045384,-68.8297205227202,-68.8873881012318
"Dickeya.zeae..RDA.R._35_TSB_1","Quadratic",18,TRUE,0.201499816292269,5.40653979789752,7.12082551218323,8.07765507158601
"Dickeya.zeae..RDA.R._35_TSB_1","Logistic",18,TRUE,0.776319022992066,-17.4987188765524,-15.7844331622667,-14.827603602864
"Dickeya.zeae..RDA.R._5_TSB_1","Quadratic",27,TRUE,0.319268984210927,-35.4146952388989,-34.3712169780293,-31.5271846408859
"Dickeya.zeae..RDA.R._5_TSB_1","Logistic",27,TRUE,0.326895528608409,-35.7188959765884,-34.6754177157189,-31.8313853785754
"Dickeya.zeae_15_TSB_1","Quadratic",25,TRUE,0.60936335908449,-21.6024833022685,-20.4596261594113,-17.9458558276639
"Dickeya.zeae_15_TSB_1","Logistic",25,TRUE,0.917073866569118,-60.3481724999219,-59.2053153570648,-56.6915450253173
"Dickeya.zeae_25_TSB_1","Quadratic",16,TRUE,0.643467149270284,-3.08090670162785,-1.08090670162785,-0.76314053490851
"Dickeya.zeae_25_TSB_1","Logistic",16,TRUE,0.97196984541096,-43.7712347532898,-41.7712347532898,-41.4534685865704
"Dickeya.zeae_35_TSB_1","Quadratic",18,TRUE,0.252058471985067,10.4165100155718,12.1307957298575,13.0876252892602
"Dickeya.zeae_35_TSB_1","Logistic",18,TRUE,0.942893640823751,-35.8868578208175,-34.1725721065318,-33.215742547129
"Dickeya.zeae_5_TSB_1","Quadratic",28,TRUE,0.615883622390762,-71.4317699627149,-70.4317699627149,-67.4351564321893
"Dickeya.zeae_5_TSB_1","Logistic",28,TRUE,0.212055801429728,-51.3142823629861,-50.3142823629861,-47.3176688324605
"Enterobacter.sp._15_TSB_1","Quadratic",29,TRUE,0.640099178891237,-22.7959557968742,-21.8359557968742,-18.6940683069148
"Enterobacter.sp._15_TSB_1","Logistic",29,FALSE,NA,NA,NA,NA
"Enterobacter.sp._25_TSB_1","Quadratic",17,TRUE,0.937691964896139,-36.9022055845498,-35.0560517383959,-34.4025655523811
"Enterobacter.sp._25_TSB_1","Logistic",17,TRUE,0.98231557611762,-58.3121100725892,-56.4659562264354,-55.8124700404206
"Enterobacter.sp._35_TSB_1","Quadratic",17,TRUE,0.381179879748983,2.65484860969806,4.50100245585191,5.15448864186671
"Enterobacter.sp._35_TSB_1","Logistic",17,TRUE,0.995786931495534,-82.1687490202651,-80.3225951741113,-79.6691089880965
"Enterobacter.sp._5_TSB_1","Quadratic",28,TRUE,0.606529547830679,-65.6324770567429,-64.6324770567429,-61.6358635262173
"Enterobacter.sp._5_TSB_1","Logistic",28,TRUE,0.994507053033926,-185.235627177979,-184.235627177979,-181.239013647454
"Escherichia coli_10_C02 Beef Striploins_4","Quadratic",9,TRUE,0.98916276012511,-33.6314304831546,-28.8314304831546,-33.0397567511459
"Escherichia coli_10_C02 Beef Striploins_4","Logistic",9,TRUE,0.940126229520433,-18.2481788520798,-13.4481788520798,-17.6565051200711
"Escherichia coli_10_Vacuum Beef Striploins_4","Quadratic",6,TRUE,0.962869794176629,-8.60560873961796,3.39439126038204,-9.23033033193379
"Escherichia coli_10_Vacuum Beef Striploins_4","Logistic",6,TRUE,0.972712441212004,-10.4536083509637,1.54639164903634,-11.0783299432795
"Escherichia coli_12_C02 Beef Striploins_4","Quadratic",7,TRUE,0.991891057835567,-29.5906777142321,-21.5906777142321,-29.7529472670662
"Escherichia coli_12_C02 Beef Striploins_4","Logistic",7,TRUE,0.900979549685161,-12.0741648964378,-4.07416489643775,-12.2364344492718
"Escherichia coli_12_Vacuum Beef Striploins_4","Quadratic",7,TRUE,0.993404164998123,-21.449566273337,-13.449566273337,-21.611835826171
"Escherichia coli_12_Vacuum Beef Striploins_4","Logistic",7,TRUE,0.986475070989478,-16.4228929681836,-8.42289296818358,-16.5851625210176
"Escherichia coli_15_C02 Beef Striploins_4","Quadratic",7,TRUE,0.993074120140933,-21.2479889703039,-13.2479889703039,-21.410258523138
"Escherichia coli_15_C02 Beef Striploins_4","Logistic",7,TRUE,0.991964375431767,-20.2076515766746,-12.2076515766746,-20.3699211295086
"Escherichia coli_15_Vacuum Beef Striploins_4","Quadratic",5,TRUE,0.989170640368727,-9.42302721612347,14.5769727838765,-10.5947134788212
"Escherichia coli_15_Vacuum Beef Striploins_4","Logistic",5,FALSE,NA,NA,NA,NA
"Escherichia coli_20_C02 Beef Striploins_4","Quadratic",6,TRUE,0.995675749943318,-20.1257401552942,-8.12574015529419,-20.75046174761
"Escherichia coli_20_C02 Beef Striploins_4","Logistic",6,TRUE,0.996724187558442,-21.7917770511127,-9.79177705111268,-22.4164986434285
"Escherichia coli_20_Vacuum Beef Striploins_4","Quadratic",6,TRUE,0.985335869866243,-10.9685762439653,1.03142375603473,-11.5932978362811
"Escherichia coli_20_Vacuum Beef Striploins_4","Logistic",6,TRUE,0.993547844537196,-15.8945170216018,-3.89451702160184,-16.5192386139177
"Escherichia coli_30_C02 Beef Striploins_4","Quadratic",7,TRUE,0.994260894667573,-19.9155016037711,-11.9155016037711,-20.0777711566052
"Escherichia coli_30_C02 Beef Striploins_4","Logistic",7,TRUE,0.998085617714955,-27.6008599047534,-19.6008599047534,-27.7631294575875
"Escherichia coli_30_Vacuum Beef Striploins_4","Quadratic",6,TRUE,0.967347143676599,-5.913132048026,6.086867951974,-6.53785364034183
"Escherichia coli_30_Vacuum Beef Striploins_4","Logistic",6,TRUE,0.98007950059356,-8.87823012335672,3.12176987664328,-9.50295171567255
"Escherichia coli_8_Vacuum Beef Striploins_4","Quadratic",6,TRUE,0.986237270094965,-19.6922006273157,-7.69220062731573,-20.3169222196316
"Escherichia coli_8_Vacuum Beef Striploins_4","Logistic",6,TRUE,0.98585006772141,-19.5257268411747,-7.52572684117467,-20.1504484334905
"Klebsiella.pneumonia..RDA.R._15_TSB_1","Quadratic",32,TRUE,0.608763964784002,-23.9223448338135,-23.0652019766707,-19.5251371254144
"Klebsiella.pneumonia..RDA.R._15_TSB_1","Logistic",32,TRUE,0.942082318593481,-85.051571463167,-84.1944286060242,-80.6543637547678
"Klebsiella.pneumonia..RDA.R._25_TSB_1","Quadratic",16,TRUE,0.402499173650599,-5.56637449229935,-3.56637449229935,-3.24860832558
"Klebsiella.pneumonia..RDA.R._25_TSB_1","Logistic",16,TRUE,0.998766685800971,-104.495184896379,-102.495184896379,-102.17741872966
"Klebsiella.pneumonia..RDA.R._35_TSB_1","Quadratic",18,TRUE,0.250092033914989,2.80570883565313,4.51999454993885,5.47682410934163
"Klebsiella.pneumonia..RDA.R._35_TSB_1","Logistic",18,TRUE,0.978513376871541,-61.1396498267014,-59.4253641124157,-58.4685345530129
"Klebsiella.pneumonia..RDA.R._5_TSB_1","Quadratic",28,TRUE,0.563224778005699,-67.599488497606,-66.599488497606,-63.6028749670804
"Klebsiella.pneumonia..RDA.R._5_TSB_1","Logistic",28,TRUE,0.143629657507311,-48.7475300839412,-47.7475300839412,-44.7509165534156
"Klebsiella.pneumonia_15_TSB_1","Quadratic",32,TRUE,0.67392501173259,-43.7105237779666,-42.8533809208238,-39.3133160695675
"Klebsiella.pneumonia_15_TSB_1","Logistic",32,TRUE,0.992044873587639,-162.536470263727,-161.679327406584,-158.139262555327
"Klebsiella.pneumonia_25_TSB_1","Quadratic",16,TRUE,0.359013833515296,-4.40624716127489,-2.40624716127489,-2.08848099455555
"Klebsiella.pneumonia_25_TSB_1","Logistic",16,TRUE,0.993254196231763,-77.2716428082233,-75.2716428082233,-74.9538766415039
"Klebsiella.pneumonia_35_TSB_1","Quadratic",18,TRUE,0.220730330728998,6.63427610547308,8.3485618197588,9.30539137916158
"Klebsiella.pneumonia_35_TSB_1","Logistic",18,TRUE,0.991975584170157,-75.7313530611744,-74.0170673468887,-73.0602377874859
"Klebsiella.pneumonia_5_TSB_1","Quadratic",28,TRUE,0.843140903691616,-83.7245127019927,-82.7245127019927,-79.7278991714671
"Klebsiella.pneumonia_5_TSB_1","Logistic",28,TRUE,0.993322816030185,-172.110757204394,-171.110757204394,-168.114143673868
"Lactobacillus plantarum_12_MRS broth_7","Quadratic",16,TRUE,0.982498627108676,-0.71780588440196,1.28219411559804,1.59996028231738
"Lactobacillus plantarum_12_MRS broth_7","Logistic",16,TRUE,0.994004635796921,-17.8584905405908,-15.8584905405908,-15.5407243738714
"Lactobacillus plantarum_16_MRS broth_7","Quadratic",18,TRUE,0.98277291694945,-5.51683754333766,-3.80255182905195,-2.84572226964917
"Lactobacillus plantarum_16_MRS broth_7","Logistic",18,TRUE,0.996509991072939,-34.255249594685,-32.5409638803993,-31.5841343209965
"Lactobacillus plantarum_20_MRS broth_7","Quadratic",16,TRUE,0.988857960988617,-10.3159274531882,-8.31592745318823,-7.99816128646889
"Lactobacillus plantarum_20_MRS broth_7","Logistic",16,TRUE,0.993867216933096,-19.8691530262128,-17.8691530262128,-17.5513868594934
"Lactobacillus plantarum_30_MRS broth_7","Quadratic",13,TRUE,0.992252101673337,-8.97980145585296,-6.3131347891863,-7.28495338346835
"Lactobacillus plantarum_30_MRS broth_7","Logistic",13,TRUE,0.997101827569871,-21.7632381102048,-19.0965714435381,-20.0683900378202
"Lactobacillus plantarum_8_MRS broth_7","Quadratic",10,TRUE,0.944077225466048,-23.2131404814713,-19.2131404814713,-22.3053852024891
"Lactobacillus plantarum_8_MRS broth_7","Logistic",10,TRUE,0.947188739684009,-23.7856132943595,-19.7856132943595,-22.8778580153774
"Lactobacillus sakei_12_MRS broth_7","Quadratic",13,TRUE,0.99078786742766,-7.57781857817638,-4.91115191150971,-5.88297050579177
"Lactobacillus sakei_12_MRS broth_7","Logistic",13,TRUE,0.995058786495596,-15.6756540826722,-13.0089874160055,-13.9808060102876
"Lactobacillus sakei_16_MRS broth_7","Quadratic",14,TRUE,0.994534355295113,-16.2749784988439,-13.8749784988439,-14.3578065099982
"Lactobacillus sakei_16_MRS broth_7","Logistic",14,TRUE,0.993701606299493,-14.2896028232546,-11.8896028232546,-12.3724308344088
"Lactobacillus sakei_20_MRS broth_7","Quadratic",12,TRUE,0.986537301031224,-6.69654625965495,-3.69654625965495,-5.24182631029095
"Lactobacillus sakei_20_MRS broth_7","Logistic",12,TRUE,0.981466791704004,-2.86085013055701,0.13914986944299,-1.40613018119301
"Lactobacillus sakei_30_MRS broth_7","Quadratic",11,TRUE,0.997484911628962,-18.4973967717718,-15.0688253432004,-17.3037109533767
"Lactobacillus sakei_30_MRS broth_7","Logistic",11,TRUE,0.997642236828199,-19.2079371462717,-15.7793657177003,-18.0142513278766
"Lactobacillus sakei_4_MRS broth_7","Quadratic",9,TRUE,0.953675419361075,-4.08390250915709,0.71609749084291,-3.49222877714843
"Lactobacillus sakei_4_MRS broth_7","Logistic",9,TRUE,0.963566857533902,-6.24564717581704,-1.44564717581704,-5.65397344380838
"Lactobacillus sakei_8_MRS broth_7","Quadratic",19,TRUE,0.99401831098001,-26.4880576429013,-24.8880576429013,-23.654740705402
"Lactobacillus sakei_8_MRS broth_7","Logistic",19,TRUE,0.998433324299584,-51.943250389116,-50.343250389116,-49.1099334516167
"Lactobaciulus plantarum_10_MRS_10","Quadratic",151,TRUE,0.9483555658097,-162.251969590811,-162.088704284688,-153.200130080366
"Lactobaciulus plantarum_10_MRS_10","Logistic",151,FALSE,NA,NA,NA,NA
"Lactobaciulus plantarum_15_MRS_10","Quadratic",88,TRUE,0.969978813140034,-122.373592347514,-122.0878780618,-114.94158190408
"Lactobaciulus plantarum_15_MRS_10","Logistic",88,FALSE,NA,NA,NA,NA
"Lactobaciulus plantarum_20_MRS_10","Quadratic",108,TRUE,0.983683952505909,-199.369898544934,-199.139129314164,-191.323504863561
"Lactobaciulus plantarum_20_MRS_10","Logistic",108,TRUE,0.988365965975774,-235.897049674025,-235.666280443256,-227.850655992652
"Lactobaciulus plantarum_25_MRS_10","Quadratic",89,TRUE,0.969739342274701,-102.555360581636,-102.27300764046,-95.0894514724399
"Lactobaciulus plantarum_25_MRS_10","Logistic",89,TRUE,0.988972193193327,-192.394494354045,-192.112141412868,-184.928585244849
"Oscillatoria agardhii Strain 97_15_Z8_8","Quadratic",7,TRUE,0.920094579376652,-23.0556885314628,-15.0556885314628,-23.2179580842969
"Oscillatoria agardhii Strain 97_15_Z8_8","Logistic",7,TRUE,0.916655693886177,-22.7607323256828,-14.7607323256828,-22.9230018785168
"Oscillatoria agardhii Strain 97_20_Z8_8","Quadratic",7,TRUE,0.959086727176724,-26.1297544868035,-18.1297544868035,-26.2920240396376
"Oscillatoria agardhii Strain 97_20_Z8_8","Logistic",7,TRUE,0.958091423765642,-25.9615027663101,-17.9615027663101,-26.1237723191442
"Oscillatoria agardhii Strain 97_25_Z8_8","Quadratic",6,TRUE,0.977747406523674,-23.1760984539555,-11.1760984539555,-23.8008200462714
"Oscillatoria agardhii Strain 97_25_Z8_8","Logistic",6,TRUE,0.978611719051728,-23.4137909125356,-11.4137909125356,-24.0385125048514
"Oscillatoria agardhii Strain 97_30_Z8_8","Quadratic",6,TRUE,0.987646434856321,-33.5603382189803,-21.5603382189803,-34.1850598112961
"Oscillatoria agardhii Strain 97_30_Z8_8","Logistic",6,TRUE,0.862651890375287,-19.1088945055909,-7.10889450559094,-19.7336160979068
"Oscillatoria agardhii StrainCYA 128_15_Z8_8","Quadratic",7,TRUE,0.854319219426647,-25.8482412195343,-17.8482412195343,-26.0105107723684
"Oscillatoria agardhii StrainCYA 128_15_Z8_8","Logistic",7,TRUE,0.858165464393297,-26.0355378225194,-18.0355378225194,-26.1978073753534
"Oscillatoria agardhii StrainCYA 128_20_Z8_8","Quadratic",7,TRUE,0.823642180291858,-20.8884961227636,-12.8884961227636,-21.0507656755977
"Oscillatoria agardhii StrainCYA 128_20_Z8_8","Logistic",7,TRUE,0.819589082888245,-20.7294412529489,-12.7294412529489,-20.891710805783
"Oscillatoria agardhii StrainCYA 128_25_Z8_8","Quadratic",7,TRUE,0.978347296788174,-33.0982304827903,-25.0982304827903,-33.2605000356243
"Oscillatoria agardhii StrainCYA 128_25_Z8_8","Logistic",7,TRUE,0.978141700766981,-33.0320778878857,-25.0320778878857,-33.1943474407197
"Oscillatoria agardhii StrainCYA 128_30_Z8_8","Quadratic",7,TRUE,0.953877984824434,-29.0432480276839,-21.0432480276839,-29.205517580518
"Oscillatoria agardhii StrainCYA 128_30_Z8_8","Logistic",7,TRUE,0.96309748932625,-30.6043236273693,-22.6043236273693,-30.7665931802034
"Pantoea.agglomerans..RDA.R._15_TSB_1","Quadratic",23,TRUE,0.533360451492325,5.99616477431598,7.25932266905282,9.40264742210342
"Pantoea.agglomerans..RDA.R._15_TSB_1","Logistic",23,TRUE,0.948088393689714,-44.5121738180244,-43.2490159232875,-41.1056911702369
"Pantoea.agglomerans..RDA.R._25_TSB_1","Quadratic",16,TRUE,0.682322730196388,-1.97531458215433,0.0246854178456744,0.342451584565017
"Pantoea.agglomerans..RDA.R._25_TSB_1","Logistic",16,TRUE,0.964733563383655,-37.1449831428872,-35.1449831428872,-34.8272169761678
"Pantoea.agglomerans..RDA.R._35_TSB_1","Quadratic",17,TRUE,0.289901063987449,11.8951241304557,13.7412779766096,14.3947641626244
"Pantoea.agglomerans..RDA.R._35_TSB_1","Logistic",17,TRUE,0.93114653444736,-27.7730795871094,-25.9269257409556,-25.2734395549408
"Pantoea.agglomerans..RDA.R._5_TSB_1","Quadratic",28,TRUE,0.827846702102006,-37.6631490048269,-36.6631490048269,-33.6665354743013
"Pantoea.agglomerans..RDA.R._5_TSB_1","Logistic",28,TRUE,0.98844650812658,-113.30228260956,-112.30228260956,-109.305669079034
"Pantoea.agglomerans.1_15_TSB_1","Quadratic",26,TRUE,0.421696100784932,-13.9108822995283,-12.8199732086192,-10.1365926854639
"Pantoea.agglomerans.1_15_TSB_1","Logistic",26,TRUE,0.86884341139916,-52.487279002481,-51.3963699115719,-48.7129893884165
"Pantoea.agglomerans.1_25_TSB_1","Quadratic",15,TRUE,0.933061381316966,-27.508622250468,-25.3268040686499,-25.3844716471614
"Pantoea.agglomerans.1_25_TSB_1","Logistic",15,TRUE,0.950016111826437,-31.8897524022155,-29.7079342203973,-29.7656017989088
"Pantoea.agglomerans.1_35_TSB_1","Quadratic",16,TRUE,0.575371683254015,4.25935423876892,6.25935423876892,6.57712040548826
"Pantoea.agglomerans.1_35_TSB_1","Logistic",16,TRUE,0.981430844815079,-45.8160434678382,-43.8160434678382,-43.4982773011189
"Pantoea.agglomerans.1_5_TSB_1","Quadratic",28,TRUE,0.622752100664476,-28.2593661546721,-27.2593661546721,-24.2627526241465
"Pantoea.agglomerans.1_5_TSB_1","Logistic",28,TRUE,0.995163190783161,-150.245489957264,-149.245489957264,-146.248876426739
"Pantoea.agglomerans.2_15_TSB_1","Quadratic",26,TRUE,0.262332751537666,-6.11215980817739,-5.0212507172683,-2.33787019411294
"Pantoea.agglomerans.2_15_TSB_1","Logistic",26,TRUE,0.765108061773327,-35.8657088028698,-34.7747997119607,-32.0914191888054
"Pantoea.agglomerans.2_25_TSB_1","Quadratic",15,TRUE,0.897570966348728,-17.6141201203674,-15.4323019385492,-15.4899695170607
"Pantoea.agglomerans.2_25_TSB_1","Logistic",15,TRUE,0.928433747654337,-22.9923187794191,-20.8105005976009,-20.8681681761124
"Pantoea.agglomerans.2_35_TSB_1","Quadratic",15,TRUE,0.439737190197267,10.2530367563129,12.4348549381311,12.3771873596196
"Pantoea.agglomerans.2_35_TSB_1","Logistic",15,TRUE,0.95449795371277,-27.4066934222175,-25.2248752403993,-25.2825428189108
"Pantoea.agglomerans.2_5_TSB_1","Quadratic",30,TRUE,0.786132772598886,-42.5621096571746,-41.6390327340977,-38.3585175121881
"Pantoea.agglomerans.2_5_TSB_1","Logistic",30,TRUE,0.939008114171847,-80.2005462667913,-79.2774693437144,-75.9969541218048
"Pectobacterium.carotovorum.subsp..Carotovorum.Pcc2_15_TSB_1","Quadratic",23,TRUE,0.472740488817754,-1.30129368140834,-0.0381357866715004,2.10518896637911
"Pectobacterium.carotovorum.subsp..Carotovorum.Pcc2_15_TSB_1","Logistic",23,TRUE,0.956069968091857,-58.4584711855882,-57.1953132908514,-55.0519885378007
"Pectobacterium.carotovorum.subsp..Carotovorum.Pcc2_25_TSB_1","Quadratic",17,TRUE,0.94889845686726,-14.5780362785727,-12.7318824324189,-12.0783962464041
"Pectobacterium.carotovorum.subsp..Carotovorum.Pcc2_25_TSB_1","Logistic",17,TRUE,0.960498535591584,-18.9551444318947,-17.1089905857408,-16.455504399726
"Pectobacterium.carotovorum.subsp..Carotovorum.Pcc2_35_TSB_1","Quadratic",16,TRUE,0.624895349825833,-13.6080269684964,-11.6080269684964,-11.2902608017771
"Pectobacterium.carotovorum.subsp..Carotovorum.Pcc2_35_TSB_1","Logistic",16,TRUE,0.7464204040348,-19.8724636467975,-17.8724636467975,-17.5546974800782
"Pectobacterium.carotovorum.subsp..Carotovorum.Pcc2_5_TSB_1","Quadratic",28,TRUE,0.922514011858361,-77.4061851871501,-76.4061851871501,-73.4095716566245
"Pectobacterium.carotovorum.subsp..Carotovorum.Pcc2_5_TSB_1","Logistic",28,TRUE,0.718865509788888,-41.3215759034864,-40.3215759034864,-37.3249623729608
"Pseudomonas sp._12_APT Broth_9","Quadratic",7,TRUE,0.964437757985931,3.41682968331961,11.4168296833196,3.25456013048555
"Pseudomonas sp._12_APT Broth_9","Logistic",7,TRUE,0.968715625798378,2.51966970409957,10.5196697040996,2.35740015126551
"Pseudomonas sp._15_APT Broth_9","Quadratic",8,TRUE,0.981469187545738,-1.16687683213084,4.83312316786916,-0.928552207091329
"Pseudomonas sp._15_APT Broth_9","Logistic",8,TRUE,0.984763956043864,-2.73304444054536,3.26695555945464,-2.49471981550585
"Pseudomonas sp._2_APT Broth_9","Quadratic",6,TRUE,0.997724382933708,-13.4741991365728,-1.47419913657276,-14.0989207288886
"Pseudomonas sp._2_APT Broth_9","Logistic",6,TRUE,0.995724880756751,-9.69083468695832,2.30916531304168,-10.3155562792742
"Pseudomonas sp._4_APT Broth_9","Quadratic",5,TRUE,0.986348229827494,3.18673765374584,27.1867376537458,2.01505139104814
"Pseudomonas sp._4_APT Broth_9","Logistic",5,FALSE,NA,NA,NA,NA
"Pseudomonas sp._6_APT Broth_9","Quadratic",5,TRUE,0.991793113632804,-0.701379304947203,23.2986206950528,-1.8730655676449
"Pseudomonas sp._6_APT Broth_9","Logistic",5,FALSE,NA,NA,NA,NA
"Pseudomonas sp._8_APT Broth_9","Quadratic",4,TRUE,0.95766439343548,4.29761886791788,NA,2.45650195127755
"Pseudomonas sp._8_APT Broth_9","Logistic",4,FALSE,NA,NA,NA,NA
"Pseudomonas spp._10_Cooked Chicken Breast_3","Quadratic",11,TRUE,0.985479586556964,-19.8348838116358,-16.4063123830644,-18.6411979932407
"Pseudomonas spp._10_Cooked Chicken Breast_3","Logistic",11,TRUE,0.983950512791538,-18.7335482311527,-15.3049768025812,-17.5398624127576
"Pseudomonas spp._10_Raw Chicken Breast_3","Quadratic",13,TRUE,0.973041701634214,-13.7328636251128,-11.0661969584461,-12.0380155527282
"Pseudomonas spp._10_Raw Chicken Breast_3","Logistic",13,TRUE,0.984928579698299,-21.2922454797833,-18.6255788131166,-19.5973974073987
"Pseudomonas spp._10_Salted Chicken Breast_3","Quadratic",13,TRUE,0.956497565644008,-12.5644381679342,-9.89777150126753,-10.8695900955496
"Pseudomonas spp._10_Salted Chicken Breast_3","Logistic",13,TRUE,0.974473789127069,-19.4948824303063,-16.8282157636396,-17.8000343579217
"Pseudomonas spp._15_Cooked Chicken Breast_3","Quadratic",12,TRUE,0.989700595450246,-23.3833609383442,-20.3833609383442,-21.9286409889802
"Pseudomonas spp._15_Cooked Chicken Breast_3","Logistic",12,TRUE,0.986786499634217,-20.3935251896559,-17.3935251896559,-18.9388052402919
"Pseudomonas spp._15_Raw Chicken Breast_3","Quadratic",12,TRUE,0.987788349871971,-21.5713452360033,-18.5713452360033,-20.1166252866393
"Pseudomonas spp._15_Raw Chicken Breast_3","Logistic",12,TRUE,0.992330373604874,-27.1528154797415,-24.1528154797415,-25.6980955303775
"Pseudomonas spp._15_Salted Chicken Breast_3","Quadratic",12,TRUE,0.994922861545851,-38.073445050748,-35.073445050748,-36.618725101384
"Pseudomonas spp._15_Salted Chicken Breast_3","Logistic",12,TRUE,0.996237071506334,-41.6680486207682,-38.6680486207682,-40.2133286714042
"Pseudomonas spp._20_Cooked Chicken Breast_3","Quadratic",9,TRUE,0.972835575159734,-7.53784528845496,-2.73784528845496,-6.9461715564463
"Pseudomonas spp._20_Cooked Chicken Breast_3","Logistic",9,TRUE,0.978951463827566,-9.83353999618756,-5.03353999618756,-9.24186626417891
"Pseudomonas spp._20_Raw Chicken Breast_3","Quadratic",9,TRUE,0.991356743204392,-18.6390384456735,-13.8390384456735,-18.0473647136649
"Pseudomonas spp._20_Raw Chicken Breast_3","Logistic",9,TRUE,0.994986718588594,-23.5412374899195,-18.7412374899195,-22.9495637579108
"Pseudomonas spp._20_Salted Chicken Breast_3","Quadratic",8,TRUE,0.996271395593953,-26.5054842025698,-20.5054842025698,-26.2671595775303
"Pseudomonas spp._20_Salted Chicken Breast_3","Logistic",8,TRUE,0.999369515924418,-40.7238953263596,-34.7238953263596,-40.4855707013201
"Pseudomonas spp._2_Cooked Chicken Breast_3","Quadratic",10,TRUE,0.952640684810026,-3.79546188851116,0.204538111488841,-2.88770660952902
"Pseudomonas spp._2_Cooked Chicken Breast_3","Logistic",10,TRUE,0.970421385085179,-8.50258088521592,-4.50258088521592,-7.59482560623378
"Pseudomonas spp._2_Raw Chicken Breast_3","Quadratic",11,TRUE,0.959201908480285,-10.0804557126727,-6.65188428410127,-8.88676989427759
"Pseudomonas spp._2_Raw Chicken Breast_3","Logistic",11,TRUE,0.971577388246145,-14.0564088690704,-10.627837440499,-12.8627230506753
"Pseudomonas spp._2_Salted Chicken Breast_3","Quadratic",11,TRUE,0.924433764462729,-4.15496621824783,-0.726394789676402,-2.96128039985272
"Pseudomonas spp._2_Salted Chicken Breast_3","Logistic",11,TRUE,0.946762621262738,-8.00770308497638,-4.57913165640495,-6.81401726658127
"Pseudomonas spp._4_Cooked Chicken Breast_3","Quadratic",6,TRUE,0.980326735789214,-13.1634652596774,-1.1634652596774,-13.7881868519932
"Pseudomonas spp._4_Cooked Chicken Breast_3","Logistic",6,TRUE,0.982219527782157,-13.7704239316306,-1.77042393163065,-14.3951455239465
"Pseudomonas spp._4_Raw Chicken Breast_3","Quadratic",7,TRUE,0.97728008078591,-7.31496215941261,0.685037840587395,-7.47723171224667
"Pseudomonas spp._4_Raw Chicken Breast_3","Logistic",7,TRUE,0.981988626952827,-8.94063266603236,-0.940632666032364,-9.10290221886643
"Pseudomonas spp._4_Salted Chicken Breast_3","Quadratic",7,TRUE,0.953833497321492,-6.04370535592577,1.95629464407423,-6.20597490875983
"Pseudomonas spp._4_Salted Chicken Breast_3","Logistic",7,TRUE,0.962491976702254,-7.49760269708082,0.502397302919178,-7.65987224991488
"Pseudomonas spp._7_Cooked Chicken Breast_3","Quadratic",13,TRUE,0.930591480794787,-2.92574937735589,-0.259082710689222,-1.23090130497128
"Pseudomonas spp._7_Cooked Chicken Breast_3","Logistic",13,TRUE,0.90277848863596,1.45502159141562,4.12168825808229,3.14986966380023
"Pseudomonas spp._7_Raw Chicken Breast_3","Quadratic",10,TRUE,0.990809085152992,-27.6327725009681,-23.6327725009681,-26.725017221986
"Pseudomonas spp._7_Raw Chicken Breast_3","Logistic",10,TRUE,0.989957016266561,-26.7461847488799,-22.7461847488799,-25.8384294698977
"Pseudomonas spp._7_Salted Chicken Breast_3","Quadratic",11,TRUE,0.971361056728119,-18.5189376050441,-15.0903661764727,-17.325251786649
"Pseudomonas spp._7_Salted Chicken Breast_3","Logistic",11,TRUE,0.98529027723735,-25.8477839310226,-22.4192125024512,-24.6540981126275
"Pseudomonas.fluorescens.1_15_TSB_1","Quadratic",23,TRUE,0.667519710015038,-16.1686551847419,-14.905497290005,-12.7621725369544
"Pseudomonas.fluorescens.1_15_TSB_1","Logistic",23,TRUE,0.956423268551334,-62.9059720399059,-61.6428141451691,-59.4994893921185
"Pseudomonas.fluorescens.1_25_TSB_1","Quadratic",13,TRUE,0.80181780651532,-16.018433368631,-13.3517667019644,-14.3235852962464
"Pseudomonas.fluorescens.1_25_TSB_1","Logistic",13,TRUE,0.962354639525753,-37.6111351204978,-34.9444684538311,-35.9162870481132
"Pseudomonas.fluorescens.1_35_TSB_1","Quadratic",17,TRUE,0.64229130566374,-9.91651775185868,-8.07036390570483,-7.41687771969003
"Pseudomonas.fluorescens.1_35_TSB_1","Logistic",17,TRUE,0.977129913214032,-56.6646332919029,-54.818479445749,-54.1649932597342
"Pseudomonas.fluorescens.1_5_TSB_1","Quadratic",28,TRUE,0.82197472658031,-56.3130451258462,-55.3130451258462,-52.3164315953206
"Pseudomonas.fluorescens.1_5_TSB_1","Logistic",28,TRUE,0.98489474010475,-125.385755269143,-124.385755269143,-121.389141738618
"Pseudomonas.fluorescens.2_15_TSB_1","Quadratic",23,TRUE,0.687007501703566,-25.2352424933915,-23.9720845986546,-21.828759845604
"Pseudomonas.fluorescens.2_15_TSB_1","Logistic",23,TRUE,0.977892858421632,-86.1916484185213,-84.9284905237844,-82.7851657707338
"Pseudomonas.fluorescens.2_25_TSB_1","Quadratic",12,TRUE,0.838350758476992,-15.472907778884,-12.472907778884,-14.01818782952
"Pseudomonas.fluorescens.2_25_TSB_1","Logistic",12,TRUE,0.989855824489836,-48.6952571307059,-45.6952571307059,-47.2405371813419
"Pseudomonas.fluorescens.2_35_TSB_1","Quadratic",15,TRUE,0.565085362332514,-16.7924583808265,-14.6106401990083,-14.6683077775199
"Pseudomonas.fluorescens.2_35_TSB_1","Logistic",15,TRUE,0.962810273904512,-53.6792168860171,-51.497398704199,-51.5550662827105
"Pseudomonas.fluorescens.2_5_TSB_1","Quadratic",28,TRUE,0.956611343311624,-82.2769808772897,-81.2769808772897,-78.2803673467641
"Pseudomonas.fluorescens.2_5_TSB_1","Logistic",28,TRUE,0.981229140574288,-105.737968177204,-104.737968177204,-101.741354646678
"Salmonella Typhimurium_10_Vacuum Beef Striploins_4","Quadratic",6,TRUE,0.992070780730526,-25.960510453307,-13.960510453307,-26.5852320456228
"Salmonella Typhimurium_10_Vacuum Beef Striploins_4","Logistic",6,TRUE,0.947471682703022,-14.6157235138137,-2.61572351381367,-15.2404451061295
"Salmonella Typhimurium_12_C02 Beef Striploins_4","Quadratic",7,TRUE,0.951799157334275,-18.9357493968503,-10.9357493968503,-19.0980189496843
"Salmonella Typhimurium_12_C02 Beef Striploins_4","Logistic",7,TRUE,0.952981851697527,-19.1096492930935,-11.1096492930935,-19.2719188459276
"Salmonella Typhimurium_12_Vacuum Beef Striploins_4","Quadratic",6,TRUE,0.996385462339314,-27.3175509487327,-15.3175509487327,-27.9422725410485
"Salmonella Typhimurium_12_Vacuum Beef Striploins_4","Logistic",6,TRUE,0.99638690479233,-27.3199458457539,-15.3199458457539,-27.9446674380697
"Salmonella Typhimurium_15_C02 Beef Striploins_4","Quadratic",7,TRUE,0.973783537932529,-14.2339375926717,-6.2339375926717,-14.3962071455058
"Salmonella Typhimurium_15_C02 Beef Striploins_4","Logistic",7,TRUE,0.972934423832196,-14.0108116709086,-6.01081167090862,-14.1730812237427
"Salmonella Typhimurium_15_Vacuum Beef Striploins_4","Quadratic",5,TRUE,0.951579536057702,-3.26248226739984,20.7375177326002,-4.43416853009754
"Salmonella Typhimurium_15_Vacuum Beef Striploins_4","Logistic",5,FALSE,NA,NA,NA,NA
"Salmonella Typhimurium_20_C02 Beef Striploins_4","Quadratic",6,TRUE,0.962217029605093,-7.75513853660882,4.24486146339118,-8.37986012892465
"Salmonella Typhimurium_20_C02 Beef Striploins_4","Logistic",6,TRUE,0.969238471258666,-8.98870037692512,3.01129962307488,-9.61342196924095
"Salmonella Typhimurium_20_Vacuum Beef Striploins_4","Quadratic",6,TRUE,0.973121896174459,-7.36964611829036,4.63035388170964,-7.9943677106062
"Salmonella Typhimurium_20_Vacuum Beef Striploins_4","Logistic",6,TRUE,0.982511805102512,-9.94836148798287,2.05163851201713,-10.5730830802987
"Salmonella Typhimurium_30_C02 Beef Striploins_4","Quadratic",7,TRUE,0.992879257693881,-20.8174756513412,-12.8174756513412,-20.9797452041753
"Salmonella Typhimurium_30_C02 Beef Striploins_4","Logistic",7,TRUE,0.992177122311061,-20.1591921421633,-12.1591921421633,-20.3214616949974
"Salmonella Typhimurium_30_Vacuum Beef Striploins_4","Quadratic",6,TRUE,0.987724592902455,-12.10572240677,-0.105722406769981,-12.7304439990858
"Salmonella Typhimurium_30_Vacuum Beef Striploins_4","Logistic",6,TRUE,0.99496273901328,-17.4501345581177,-5.45013455811772,-18.0748561504336
"Salmonella Typhimurium_8_Vacuum Beef Striploins_4","Quadratic",7,TRUE,0.942696575366077,-27.4757710807198,-19.4757710807198,-27.6380406335539
"Salmonella Typhimurium_8_Vacuum Beef Striploins_4","Logistic",7,TRUE,0.285184209103926,-9.81011968067893,-1.81011968067893,-9.97238923351299
"Serratia marcescens_10_Pasteurised Double Cream_5","Quadratic",4,TRUE,0.992091768172523,-5.88604403540824,NA,-7.72716095204857
"Serratia marcescens_10_Pasteurised Double Cream_5","Logistic",4,FALSE,NA,NA,NA,NA
"Serratia marcescens_10_Pasteurised Full-fat Milk_5","Quadratic",5,TRUE,0.956868449179387,1.34890829288902,25.348908292889,0.177222030191322
"Serratia marcescens_10_Pasteurised Full-fat Milk_5","Logistic",5,FALSE,NA,NA,NA,NA
"Serratia marcescens_10_Pasteurised Skim Milk_5","Quadratic",4,TRUE,0.999301736228449,-14.5151454202816,NA,-16.3562623369219
"Serratia marcescens_10_Pasteurised Skim Milk_5","Logistic",4,FALSE,NA,NA,NA,NA
"Serratia marcescens_10_UHT Double Cream_5","Quadratic",4,TRUE,0.981705778511525,-1.04237838914369,NA,-2.88349530578402
"Serratia marcescens_10_UHT Double Cream_5","Logistic",4,FALSE,NA,NA,NA,NA
"Serratia marcescens_10_UHT Full-fat Milk_5","Quadratic",4,TRUE,0.971880521899185,1.07851909749163,NA,-0.762597819148698
"Serratia marcescens_10_UHT Full-fat Milk_5","Logistic",4,FALSE,NA,NA,NA,NA
"Serratia marcescens_10_UHT Skim Milk_5","Quadratic",4,TRUE,0.994965101911121,-6.95825338970007,NA,-8.79937030634039
"Serratia marcescens_10_UHT Skim Milk_5","Logistic",4,FALSE,NA,NA,NA,NA
"Serratia marcescens_15_Pasteurised Double Cream_5","Quadratic",6,TRUE,0.938744414485702,1.40767106559199,13.407671065592,0.782949473276158
"Serratia marcescens_15_Pasteurised Double Cream_5","Logistic",6,TRUE,0.966781474373805,-2.26401283191017,9.73598716808983,-2.888734424226
"Serratia marcescens_15_Pasteurised Full-fat Milk_5","Quadratic",5,TRUE,0.953190484401399,0.834223947713396,24.8342239477134,-0.337462314984303
"Serratia marcescens_15_Pasteurised Full-fat Milk_5","Logistic",5,FALSE,NA,NA,NA,NA
"Serratia marcescens_15_Pasteurised Skim Milk_5","Quadratic",4,TRUE,0.999521800122468,-19.8216814583853,NA,-21.6627983750256
"Serratia marcescens_15_Pasteurised Skim Milk_5","Logistic",4,FALSE,NA,NA,NA,NA
"Serratia marcescens_15_UHT Double Cream_5","Quadratic",6,TRUE,0.971633547605476,-2.46691029500942,9.53308970499058,-3.09163188732526
"Serratia marcescens_15_UHT Double Cream_5","Logistic",6,TRUE,0.987178155090706,-7.23125135542844,4.76874864457156,-7.85597294774428
"Serratia marcescens_15_UHT Full-fat Milk_5","Quadratic",6,TRUE,0.949570725191559,0.0902064060176562,12.0902064060177,-0.534515186298179
"Serratia marcescens_15_UHT Full-fat Milk_5","Logistic",6,TRUE,0.971529999761635,-3.34011927094841,8.65988072905159,-3.96484086326424
"Serratia marcescens_15_UHT Skim Milk_5","Quadratic",4,TRUE,0.99953763139682,-16.0170196387409,NA,-17.8581365553812
"Serratia marcescens_15_UHT Skim Milk_5","Logistic",4,FALSE,NA,NA,NA,NA
"Serratia marcescens_6_Pasteurised Double Cream_5","Quadratic",5,TRUE,0.997842218978988,-20.1202210236704,3.87977897632959,-21.2919072863681
"Serratia marcescens_6_Pasteurised Double Cream_5","Logistic",5,FALSE,NA,NA,NA,NA
"Serratia marcescens_6_Pasteurised Full-fat Milk_5","Quadratic",8,TRUE,0.988126678441536,-17.3807818298007,-11.3807818298007,-17.1424572047612
"Serratia marcescens_6_Pasteurised Full-fat Milk_5","Logistic",8,TRUE,0.986272655283874,-16.2200153438957,-10.2200153438957,-15.9816907188562
"Serratia marcescens_6_Pasteurised Skim Milk_5","Quadratic",6,TRUE,0.987856267551994,-12.1457896453066,-0.145789645306571,-12.7705112376224
"Serratia marcescens_6_Pasteurised Skim Milk_5","Logistic",6,TRUE,-1.11751266418135,18.8213156653395,30.8213156653395,18.1965940730236
"Serratia marcescens_6_UHT Double Cream_5","Quadratic",8,TRUE,0.986307401201322,-15.9655442192355,-9.96554421923552,-15.727219594196
"Serratia marcescens_6_UHT Double Cream_5","Logistic",8,TRUE,0.995468525012653,-24.8120079185479,-18.8120079185479,-24.5736832935084
"Serratia marcescens_6_UHT Full-fat Milk_5","Quadratic",7,TRUE,0.969559102010159,-4.56292548027255,3.43707451972745,-4.72519503310661
"Serratia marcescens_6_UHT Full-fat Milk_5","Logistic",7,TRUE,0.21720704611745,18.1666429297216,26.1666429297216,18.0043733768875
"Serratia marcescens_6_UHT Skim Milk_5","Quadratic",7,TRUE,0.932002669413588,-0.944333905935735,7.05566609406427,-1.1066034587698
"Serratia marcescens_6_UHT Skim Milk_5","Logistic",7,TRUE,0.899410879100011,1.7966957234949,9.7966957234949,1.63442617066084
"Spoilage_10_C02 Beef Striploins_4","Quadratic",9,TRUE,0.916848335974475,-7.28463640482038,-2.48463640482038,-6.69296267281172
"Spoilage_10_C02 Beef Striploins_4","Logistic",9,TRUE,0.930693225914598,-8.92374850065097,-4.12374850065097,-8.33207476864231
"Spoilage_10_Vacuum Beef Striploins_4","Quadratic",6,TRUE,0.997676663883729,-24.6618210612282,-12.6618210612282,-25.286542653544
"Spoilage_10_Vacuum Beef Striploins_4","Logistic",6,TRUE,0.994487884853563,-19.4781553229939,-7.47815532299387,-20.1028769153097
"Spoilage_12_C02 Beef Striploins_4","Quadratic",7,TRUE,0.961867921800756,-6.86400843304263,1.13599156695737,-7.0262779858767
"Spoilage_12_C02 Beef Striploins_4","Logistic",7,TRUE,0.974720844146632,-9.74153832279145,-1.74153832279145,-9.90380787562551
"Spoilage_12_Vacuum Beef Striploins_4","Quadratic",7,TRUE,0.98959990341059,-16.8297418819077,-8.82974188190769,-16.9920114347418
"Spoilage_12_Vacuum Beef Striploins_4","Logistic",7,TRUE,0.988522725555329,-16.1398649217979,-8.13986492179786,-16.3021344746319
"Spoilage_15_C02 Beef Striploins_4","Quadratic",7,TRUE,0.980679243645156,-15.5497023582432,-7.54970235824324,-15.7119719110773
"Spoilage_15_C02 Beef Striploins_4","Logistic",7,TRUE,0.950623689526179,-8.98166684720286,-0.98166684720286,-9.14393640003692
"Spoilage_15_Vacuum Beef Striploins_4","Quadratic",5,TRUE,0.995918836617118,-17.3812003094624,6.61879969053764,-18.5528865721601
"Spoilage_15_Vacuum Beef Striploins_4","Logistic",5,FALSE,NA,NA,NA,NA
"Spoilage_20_C02 Beef Striploins_4","Quadratic",6,TRUE,0.993027502913797,-22.0706747248912,-10.0706747248912,-22.695396317207
"Spoilage_20_C02 Beef Striploins_4","Logistic",6,TRUE,0.957291024092959,-11.1960606201788,0.803939379821159,-11.8207822124947
"Spoilage_20_Vacuum Beef Striploins_4","Quadratic",6,TRUE,0.95908321882229,-6.895874775794,5.104125224206,-7.52059636810983
"Spoilage_20_Vacuum Beef Striploins_4","Logistic",6,TRUE,0.961839490653734,-7.31430927081604,4.68569072918396,-7.93903086313188
"Spoilage_30_C02 Beef Striploins_4","Quadratic",7,TRUE,0.998133032264183,-32.9587133785699,-24.9587133785699,-33.120982931404
"Spoilage_30_C02 Beef Striploins_4","Logistic",7,TRUE,0.992699834800416,-23.4136436145102,-15.4136436145102,-23.5759131673443
"Spoilage_30_Vacuum Beef Striploins_4","Quadratic",5,TRUE,0.996249348592273,-19.0301221887656,4.96987781123444,-20.2018084514633
"Spoilage_30_Vacuum Beef Striploins_4","Logistic",5,FALSE,NA,NA,NA,NA
"Spoilage_8_Vacuum Beef Striploins_4","Quadratic",7,TRUE,0.938292677471666,-3.90006184225378,4.09993815774622,-4.06233139508784
"Spoilage_8_Vacuum Beef Striploins_4","Logistic",7,TRUE,0.949041965223601,-5.23986294085621,2.76013705914379,-5.40213249369028
"Staphylococcus spp._10_Cooked Chicken Breast_3","Quadratic",12,TRUE,0.984283962196914,-26.6717528047748,-23.6717528047748,-25.2170328554108
"Staphylococcus spp._10_Cooked Chicken Breast_3","Logistic",12,TRUE,0.983163853668863,-25.8455955805672,-22.8455955805672,-24.3908756312032
"Staphylococcus spp._10_Raw Chicken Breast_3","Quadratic",11,TRUE,0.949239772186925,-4.93404105635418,-1.50546962778275,-3.74035523795907
"Staphylococcus spp._10_Raw Chicken Breast_3","Logistic",11,TRUE,0.969270538932426,-10.4548452744605,-7.02627384588911,-9.26115945606543
"Staphylococcus spp._10_Salted Chicken Breast_3","Quadratic",13,TRUE,0.98882611055394,-29.1581129268758,-26.4914462602091,-27.4632648544912
"Staphylococcus spp._10_Salted Chicken Breast_3","Logistic",13,TRUE,0.995607640175465,-41.2963836041247,-38.6297169374581,-39.6015355317401
"Staphylococcus spp._15_Cooked Chicken Breast_3","Quadratic",11,TRUE,0.99590468549181,-33.7683259992657,-30.3397545706943,-32.5746401808706
"Staphylococcus spp._15_Cooked Chicken Breast_3","Logistic",11,TRUE,0.995221329999817,-32.0708197733063,-28.6422483447348,-30.8771339549111
"Staphylococcus spp._15_Raw Chicken Breast_3","Quadratic",9,TRUE,0.965649220085921,-10.9070756763208,-6.10707567632079,-10.3154019443121
"Staphylococcus spp._15_Raw Chicken Breast_3","Logistic",9,TRUE,0.97188766477092,-12.710822081041,-7.91082208104104,-12.1191483490324
"Staphylococcus spp._15_Salted Chicken Breast_3","Quadratic",12,TRUE,0.977684731107533,-17.5757829609571,-14.5757829609571,-16.1210630115931
"Staphylococcus spp._15_Salted Chicken Breast_3","Logistic",12,TRUE,0.987964800616295,-24.9850090782606,-21.9850090782606,-23.5302891288966
"Staphylococcus spp._20_Cooked Chicken Breast_3","Quadratic",9,TRUE,0.995113759335865,-25.2536272593784,-20.4536272593784,-24.6619535273698
"Staphylococcus spp._20_Cooked Chicken Breast_3","Logistic",9,TRUE,0.996311490339667,-27.7844338933079,-22.9844338933079,-27.1927601612992
"Staphylococcus spp._20_Raw Chicken Breast_3","Quadratic",9,TRUE,0.975420925955571,-13.9897846171513,-9.18978461715133,-13.3981108851427
"Staphylococcus spp._20_Raw Chicken Breast_3","Logistic",9,TRUE,0.982125434050226,-16.8564342563349,-12.0564342563349,-16.2647605243263
"Staphylococcus spp._20_Salted Chicken Breast_3","Quadratic",9,TRUE,0.986940345298154,-16.9267619373286,-12.1267619373286,-16.33508820532
"Staphylococcus spp._20_Salted Chicken Breast_3","Logistic",9,TRUE,0.98712285866682,-17.053427345753,-12.253427345753,-16.4617536137443
"Staphylococcus spp._2_Cooked Chicken Breast_3","Quadratic",10,TRUE,0.867896845749756,-9.02493228983844,-5.02493228983844,-8.1171770108563
"Staphylococcus spp._2_Cooked Chicken Breast_3","Logistic",10,TRUE,0.885555871902923,-10.4598957828969,-6.45989578289691,-9.55214050391478
"Staphylococcus spp._2_Raw Chicken Breast_3","Quadratic",9,TRUE,0.987166389865535,-18.0539601967412,-13.2539601967412,-17.4622864647326
"Staphylococcus spp._2_Raw Chicken Breast_3","Logistic",9,TRUE,0.990297474992379,-20.5710924332653,-15.7710924332653,-19.9794187012566
"Staphylococcus spp._2_Salted Chicken Breast_3","Quadratic",10,TRUE,0.987928283618835,-22.3416490222875,-18.3416490222875,-21.4338937433054
"Staphylococcus spp._2_Salted Chicken Breast_3","Logistic",10,TRUE,0.990225491860064,-24.4525234303875,-20.4525234303875,-23.5447681514053
"Staphylococcus spp._4_Cooked Chicken Breast_3","Quadratic",7,TRUE,0.984473278551435,-14.396794483081,-6.39679448308102,-14.5590640359151
"Staphylococcus spp._4_Cooked Chicken Breast_3","Logistic",7,TRUE,0.992582000114279,-19.5673657656437,-11.5673657656437,-19.7296353184778
"Staphylococcus spp._4_Raw Chicken Breast_3","Quadratic",8,TRUE,0.947384010485014,-5.12223019078866,0.877769809211344,-4.88390556574915
"Staphylococcus spp._4_Raw Chicken Breast_3","Logistic",8,TRUE,0.963088605418469,-7.95822824757735,-1.95822824757735,-7.71990362253784
"Staphylococcus spp._4_Salted Chicken Breast_3","Quadratic",6,TRUE,0.995178177633051,-19.3008746580467,-7.30087465804674,-19.9255962503626
"Staphylococcus spp._4_Salted Chicken Breast_3","Logistic",6,TRUE,0.99269162706783,-16.8056622969313,-4.80566229693135,-17.4303838892472
"Staphylococcus spp._7_Cooked Chicken Breast_3","Quadratic",13,TRUE,0.94779197147978,-11.4508586275007,-8.78419196083402,-9.75601055511608
"Staphylococcus spp._7_Cooked Chicken Breast_3","Logistic",13,TRUE,0.943815578535781,-10.4966165829514,-7.82994991628476,-8.80176851056681
"Staphylococcus spp._7_Raw Chicken Breast_3","Quadratic",14,TRUE,0.950359081560117,-6.2950142833165,-3.8950142833165,-4.37784229447072
"Staphylococcus spp._7_Raw Chicken Breast_3","Logistic",14,TRUE,0.969823004028675,-13.263311995337,-10.863311995337,-11.3461400064913
"Staphylococcus spp._7_Salted Chicken Breast_3","Quadratic",13,TRUE,0.963756847354638,-11.9777597957187,-9.31109312905205,-10.2829117233341
"Staphylococcus spp._7_Salted Chicken Breast_3","Logistic",13,TRUE,0.978220200050463,-18.5982377963131,-15.9315711296464,-16.9033897239285
"Stenotrophomonas.maltophilia..RDA.R._15_TSB_1","Quadratic",22,TRUE,0.684926968219462,-24.19105320913,-22.8577198757966,-20.917925849055
"Stenotrophomonas.maltophilia..RDA.R._15_TSB_1","Logistic",22,TRUE,0.984985093777068,-91.153795275544,-89.8204619422107,-87.8806679154691
"Stenotrophomonas.maltophilia..RDA.R._25_TSB_1","Quadratic",13,TRUE,0.846331407186231,-14.0146287425292,-11.3479620758625,-12.3197806701446
"Stenotrophomonas.maltophilia..RDA.R._25_TSB_1","Logistic",13,TRUE,0.991247504118576,-51.2656007545903,-48.5989340879236,-49.5707526822057
"Stenotrophomonas.maltophilia..RDA.R._35_TSB_1","Quadratic",15,TRUE,0.627120017062021,-9.33200625415051,-7.15018807233233,-7.20785565084388
"Stenotrophomonas.maltophilia..RDA.R._35_TSB_1","Logistic",15,TRUE,0.956033339833013,-41.3993810004094,-39.2175628185912,-39.2752303971028
"Stenotrophomonas.maltophilia..RDA.R._5_TSB_1","Quadratic",28,TRUE,0.980335129176066,-105.363959804458,-104.363959804458,-101.367346273932
"Stenotrophomonas.maltophilia..RDA.R._5_TSB_1","Logistic",28,TRUE,0.985616498776441,-114.121016803622,-113.121016803622,-110.124403273096
"Stenotrophomonas.maltophilia.1_15_TSB_1","Quadratic",23,TRUE,0.563756995883809,-21.6606506081125,-20.3974927133757,-18.2541679603251
"Stenotrophomonas.maltophilia.1_15_TSB_1","Logistic",23,TRUE,0.886443573877184,-52.616340882253,-51.3531829875162,-49.2098582344655
"Stenotrophomonas.maltophilia.1_25_TSB_1","Quadratic",14,TRUE,0.799800179619323,-25.6542393041472,-23.2542393041472,-23.7370673153014
"Stenotrophomonas.maltophilia.1_25_TSB_1","Logistic",14,TRUE,0.948730953000675,-44.725442111304,-42.325442111304,-42.8082701224582
"Stenotrophomonas.maltophilia.1_35_TSB_1","Quadratic",15,TRUE,0.695668859012188,-19.9296898764821,-17.7478716946639,-17.8055392731755
"Stenotrophomonas.maltophilia.1_35_TSB_1","Logistic",15,TRUE,0.985597946646566,-65.6908738424617,-63.5090556606435,-63.5667232391551
"Stenotrophomonas.maltophilia.1_5_TSB_1","Quadratic",28,TRUE,0.870090017918722,-65.7494770859515,-64.7494770859515,-61.7528635554259
"Stenotrophomonas.maltophilia.1_5_TSB_1","Logistic",28,TRUE,0.995035743513349,-157.157667518078,-156.157667518078,-153.161053987552
"Stenotrophomonas.maltophilia.2_15_TSB_1","Quadratic",23,TRUE,0.548514098771676,-12.3103733074249,-11.0472154126881,-8.90389065963748
"Stenotrophomonas.maltophilia.2_15_TSB_1","Logistic",23,TRUE,0.838759331657062,-35.9922327470939,-34.7290748523571,-32.5857500993065
"Stenotrophomonas.maltophilia.2_25_TSB_1","Quadratic",16,TRUE,0.891903275844128,-24.3841376966047,-22.3841376966047,-22.0663715298854
"Stenotrophomonas.maltophilia.2_25_TSB_1","Logistic",16,TRUE,0.992457509434326,-66.9837213626354,-64.9837213626354,-64.665955195916
"Stenotrophomonas.maltophilia.2_35_TSB_1","Quadratic",16,TRUE,0.622283095461293,-22.0817205480138,-20.0817205480138,-19.7639543812944
"Stenotrophomonas.maltophilia.2_35_TSB_1","Logistic",16,TRUE,0.970210029400032,-62.7212918348058,-60.7212918348058,-60.4035256680865
"Stenotrophomonas.maltophilia.2_5_TSB_1","Quadratic",28,TRUE,0.95938910423996,-95.4745429039796,-94.4745429039796,-91.477929373454
"Stenotrophomonas.maltophilia.2_5_TSB_1","Logistic",28,TRUE,0.987313898647632,-128.053365728468,-127.053365728468,-124.056752197942
"Tetraselmis tetrahele_16_ESAW_2","Quadratic",63,TRUE,0.75863067445255,-85.8955509115352,-85.4887712505182,-79.4661467323606
"Tetraselmis tetrahele_16_ESAW_2","Logistic",63,FALSE,NA,NA,NA,NA
"Tetraselmis tetrahele_25_ESAW_2","Quadratic",66,TRUE,0.660634148225332,-121.24768562578,-120.860588851586,-114.6787213997
"Tetraselmis tetrahele_25_ESAW_2","Logistic",66,FALSE,NA,NA,NA,NA
"Tetraselmis tetrahele_32_ESAW_2","Quadratic",57,TRUE,0.478897631544769,-18.31281391415,-17.8599837254708,-12.1836601106464
"Tetraselmis tetrahele_32_ESAW_2","Logistic",57,FALSE,NA,NA,NA,NA
"Tetraselmis tetrahele_5_ESAW_2","Quadratic",52,TRUE,0.798834040256208,-37.2067864054519,-36.7067864054519,-31.3530552497076
"Tetraselmis tetrahele_5_ESAW_2","Logistic",52,FALSE,NA,NA,NA,NA
"Tetraselmis tetrahele_8_ESAW_2","Quadratic",54,TRUE,0.82941842864267,-63.5949407675937,-63.1149407675937,-57.6279886279009
"Tetraselmis tetrahele_8_ESAW_2","Logistic",54,FALSE,NA,NA,NA,NA
"Weissella viridescens_12_MRS broth_7","Quadratic",14,TRUE,0.991552911405718,-11.6732697967293,-9.27326979672927,-9.7560978078835
"Weissella viridescens_12_MRS broth_7","Logistic",14,TRUE,0.990179016932057,-9.56347834844297,-7.16347834844297,-7.6463063595972
"Weissella viridescens_16_MRS broth_7","Quadratic",17,TRUE,0.995118377398599,-25.1734622780682,-23.3273084319143,-22.6738222458995
"Weissella viridescens_16_MRS broth_7","Logistic",17,TRUE,0.991129507847739,-15.0201678242381,-13.1740139780842,-12.5205277920694
"Weissella viridescens_20_MRS broth_7","Quadratic",15,TRUE,0.993995424657281,-17.136266098053,-14.9544479162348,-15.0121154947464
"Weissella viridescens_20_MRS broth_7","Logistic",15,TRUE,0.998208545620008,-35.2786752431895,-33.0968570613714,-33.1545246398829
"Weissella viridescens_30_MRS broth_7","Quadratic",13,TRUE,0.994139919810446,-13.7092954646598,-11.0426287979932,-12.0144473922752
"Weissella viridescens_30_MRS broth_7","Logistic",13,TRUE,0.997613179255196,-25.3859089797205,-22.7192423130538,-23.6910609073359
"Weissella viridescens_4_MRS broth_7","Quadratic",9,TRUE,0.997803326567206,-30.6466373341312,-25.8466373341312,-30.0549636021226
"Weissella viridescens_4_MRS broth_7","Logistic",9,TRUE,0.997937635589503,-31.2144567240177,-26.4144567240177,-30.622782992009
"Weissella viridescens_8_MRS broth_7","Quadratic",20,TRUE,0.998666781593302,-55.6712225828668,-54.1712225828668,-52.6840257622049
"Weissella viridescens_8_MRS broth_7","Logistic",20,TRUE,0.994877521469032,-28.7503718581013,-27.2503718581013,-25.7631750374394
